aId:ID(Amenity),:LABEL,name,_start,_end,_type,rating,url,picture_url,host_identity_verified,accomodates,bedrooms,bathrooms,beds,price,review_scores_rating
0,:Amenities,Refrigerator,,,,,,,,,,,,,
1,:Amenities,Paid parking off premises,,,,,,,,,,,,,
2,:Amenities,Long term stays allowed,,,,,,,,,,,,,
3,:Amenities,Paid washer – In unit,,,,,,,,,,,,,
4,:Amenities,Lock on bedroom door,,,,,,,,,,,,,
5,:Amenities,Heating,,,,,,,,,,,,,
6,:Amenities,Drying rack for clothing,,,,,,,,,,,,,
7,:Amenities,Hair dryer,,,,,,,,,,,,,
8,:Amenities,Body soap,,,,,,,,,,,,,
9,:Amenities,Room-darkening shades,,,,,,,,,,,,,
10,:Amenities,Mini fridge,,,,,,,,,,,,,
11,:Amenities,Shampoo,,,,,,,,,,,,,
12,:Amenities,First aid kit,,,,,,,,,,,,,
13,:Amenities,Clothing storage: wardrobe,,,,,,,,,,,,,
14,:Amenities,Hot water,,,,,,,,,,,,,
15,:Amenities,Laundromat nearby,,,,,,,,,,,,,
16,:Amenities,Mosquito net,,,,,,,,,,,,,
17,:Amenities,Portable fans,,,,,,,,,,,,,
18,:Amenities,Hangers,,,,,,,,,,,,,
19,:Amenities,Fire extinguisher,,,,,,,,,,,,,
20,:Amenities,Extra pillows and blankets,,,,,,,,,,,,,
21,:Amenities,Bed linens,,,,,,,,,,,,,
22,:Amenities,Fast wifi – 52 Mbps,,,,,,,,,,,,,
23,:Amenities,Coffee maker,,,,,,,,,,,,,
24,:Amenities,Carbon monoxide alarm,,,,,,,,,,,,,
25,:Amenities,Outdoor furniture,,,,,,,,,,,,,
26,:Amenities,Host greets you,,,,,,,,,,,,,
27,:Amenities,Shared fenced garden or backyard,,,,,,,,,,,,,
28,:Amenities,Shower gel,,,,,,,,,,,,,
29,:Amenities,Single level home,,,,,,,,,,,,,
30,:Amenities,Smoke alarm,,,,,,,,,,,,,
31,:Amenities,Iron,,,,,,,,,,,,,
32,:Amenities,Private entrance,,,,,,,,,,,,,
33,:Amenities,Essentials,,,,,,,,,,,,,
34,:Amenities,Paid parking on premises,,,,,,,,,,,,,
35,:Amenities,Cleaning products,,,,,,,,,,,,,
36,:Amenities,Hot water kettle,,,,,,,,,,,,,
37,:Amenities,Security cameras on property,,,,,,,,,,,,,
38,:Amenities,Pour-over coffee,,,,,,,,,,,,,
39,:Amenities,Dedicated workspace: table,,,,,,,,,,,,,
40,:Amenities,Ethernet connection,,,,,,,,,,,,,
41,:Amenities,TV,,,,,,,,,,,,,
42,:Amenities,Wifi,,,,,,,,,,,,,
43,:Amenities,Free street parking,,,,,,,,,,,,,
44,:Amenities,Dedicated workspace,,,,,,,,,,,,,
45,:Amenities,Smart lock,,,,,,,,,,,,,
46,:Amenities,Dishes and silverware,,,,,,,,,,,,,
47,:Amenities,Lake access,,,,,,,,,,,,,
48,:Amenities,Outdoor dining area,,,,,,,,,,,,,
49,:Amenities,Waterfront,,,,,,,,,,,,,
50,:Amenities,Luggage dropoff allowed,,,,,,,,,,,,,
51,:Amenities,Private patio or balcony,,,,,,,,,,,,,
52,:Amenities,Breakfast,,,,,,,,,,,,,
53,:Amenities,Dryer,,,,,,,,,,,,,
54,:Amenities,Air conditioning,,,,,,,,,,,,,
55,:Amenities,Dishwasher,,,,,,,,,,,,,
56,:Amenities,Oven,,,,,,,,,,,,,
57,:Amenities,Kitchen,,,,,,,,,,,,,
58,:Amenities,Cable TV,,,,,,,,,,,,,
59,:Amenities,Cooking basics,,,,,,,,,,,,,
60,:Amenities,TV with standard cable,,,,,,,,,,,,,
61,:Amenities,Microwave,,,,,,,,,,,,,
62,:Amenities,Washer,,,,,,,,,,,,,
63,:Amenities,Stove,,,,,,,,,,,,,
64,:Amenities,Patio or balcony,,,,,,,,,,,,,
65,:Amenities,Sound system,,,,,,,,,,,,,
66,:Amenities,Piano,,,,,,,,,,,,,
67,:Amenities,Cleaning before checkout,,,,,,,,,,,,,
68,:Amenities,Wine glasses,,,,,,,,,,,,,
69,:Amenities,Paid street parking off premises,,,,,,,,,,,,,
70,:Amenities,Pack ’n play/Travel crib,,,,,,,,,,,,,
71,:Amenities,Clothing storage: closet,,,,,,,,,,,,,
72,:Amenities,Freezer,,,,,,,,,,,,,
73,:Amenities,Conditioner,,,,,,,,,,,,,
74,:Amenities,Dining table,,,,,,,,,,,,,
75,:Amenities,Toaster,,,,,,,,,,,,,
76,:Amenities,Marie Stella Maris shampoo,,,,,,,,,,,,,
77,:Amenities,Marie Stella Maris conditioner,,,,,,,,,,,,,
78,:Amenities,Clothing storage: closet and wardrobe,,,,,,,,,,,,,
79,:Amenities,Bathtub,,,,,,,,,,,,,
80,:Amenities,Nespresso machine,,,,,,,,,,,,,
81,:Amenities,Board games,,,,,,,,,,,,,
82,:Amenities,Bikes,,,,,,,,,,,,,
83,:Amenities,Children’s dinnerware,,,,,,,,,,,,,
84,:Amenities,High chair,,,,,,,,,,,,,
85,:Amenities,Children’s books and toys,,,,,,,,,,,,,
86,:Amenities,Central heating,,,,,,,,,,,,,
87,:Amenities,Marie Stella Maris body soap,,,,,,,,,,,,,
88,:Amenities,Crib,,,,,,,,,,,,,
89,:Amenities,TV with Chromecast,,,,,,,,,,,,,
90,:Amenities,Babysitter recommendations,,,,,,,,,,,,,
91,:Amenities,JBL Bluetooth sound system,,,,,,,,,,,,,
92,:Amenities,Fast wifi – 73 Mbps,,,,,,,,,,,,,
93,:Amenities,Elevator,,,,,,,,,,,,,
94,:Amenities,Clothing storage: dresser,,,,,,,,,,,,,
95,:Amenities,EV charger,,,,,,,,,,,,,
96,:Amenities,Lockbox,,,,,,,,,,,,,
97,:Amenities,Pocket wifi,,,,,,,,,,,,,
98,:Amenities,minifridge available on request refrigerator,,,,,,,,,,,,,
99,:Amenities,Backyard,,,,,,,,,,,,,
100,:Amenities,BBQ grill,,,,,,,,,,,,,
101,:Amenities,Central air conditioning,,,,,,,,,,,,,
102,:Amenities,Rice maker,,,,,,,,,,,,,
103,:Amenities,Private fenced garden or backyard,,,,,,,,,,,,,
104,:Amenities,Miele oven,,,,,,,,,,,,,
105,:Amenities,Barbecue utensils,,,,,,,,,,,,,
106,:Amenities,Hot tub,,,,,,,,,,,,,
107,:Amenities,Clothing storage: dresser and closet,,,,,,,,,,,,,
108,:Amenities,Bluetooth sound system,,,,,,,,,,,,,
109,:Amenities,Fire pit,,,,,,,,,,,,,
110,:Amenities,Baby safety gates,,,,,,,,,,,,,
111,:Amenities,Baby bath,,,,,,,,,,,,,
112,:Amenities,Window guards,,,,,,,,,,,,,
113,:Amenities,"HDTV with Netflix, premium cable, standard cable",,,,,,,,,,,,,
114,:Amenities,Keurig coffee machine,,,,,,,,,,,,,
115,:Amenities,"Children’s books and toys for ages 0-2 years old, 2-5 years old, 5-10 years old, and 10+ years old",,,,,,,,,,,,,
116,:Amenities,Free dryer – In unit,,,,,,,,,,,,,
117,:Amenities,Safe,,,,,,,,,,,,,
118,:Amenities,"Children’s books and toys for ages 0-2 years old, 2-5 years old, and 5-10 years old",,,,,,,,,,,,,
119,:Amenities,Marie-Stella-Maris conditioner,,,,,,,,,,,,,
120,:Amenities,"Clothing storage: dresser, closet, and wardrobe",,,,,,,,,,,,,
121,:Amenities,Marie-Stella-Maris shampoo,,,,,,,,,,,,,
122,:Amenities,Marie-Stella-Maris body soap,,,,,,,,,,,,,
123,:Amenities,Outlet covers,,,,,,,,,,,,,
124,:Amenities,Free parking on premises,,,,,,,,,,,,,
125,:Amenities,Clothing storage: walk-in closet,,,,,,,,,,,,,
126,:Amenities,Shared patio or balcony,,,,,,,,,,,,,
127,:Amenities,Gas stove,,,,,,,,,,,,,
128,:Amenities,Record player,,,,,,,,,,,,,
129,:Amenities,Changing table,,,,,,,,,,,,,
130,:Amenities,Sound system with aux,,,,,,,,,,,,,
131,:Amenities,Game console,,,,,,,,,,,,,
132,:Amenities,Ceiling fan,,,,,,,,,,,,,
133,:Amenities,Baking sheet,,,,,,,,,,,,,
134,:Amenities,Indoor fireplace,,,,,,,,,,,,,
135,:Amenities,Boat slip,,,,,,,,,,,,,
136,:Amenities,Building staff,,,,,,,,,,,,,
137,:Amenities,Children’s books and toys for ages 5-10 years old and 10+ years old,,,,,,,,,,,,,
138,:Amenities,"Dedicated workspace: office chair, monitor, and desk",,,,,,,,,,,,,
139,:Amenities,Fast wifi – 78 Mbps,,,,,,,,,,,,,
140,:Amenities,Free washer – In unit,,,,,,,,,,,,,
141,:Amenities,HDTV,,,,,,,,,,,,,
142,:Amenities,Liquid body wash body soap,,,,,,,,,,,,,
143,:Amenities,Sonos Bluetooth sound system,,,,,,,,,,,,,
144,:Amenities,Stainless steel oven,,,,,,,,,,,,,
145,:Amenities,Dedicated workspace: office chair and desk,,,,,,,,,,,,,
146,:Amenities,Clothing storage,,,,,,,,,,,,,
147,:Amenities,Paid parking lot off premises,,,,,,,,,,,,,
148,:Amenities,Stainless steel gas stove,,,,,,,,,,,,,
149,:Amenities,Portable air conditioning,,,,,,,,,,,,,
150,:Amenities,LG Bluetooth sound system,,,,,,,,,,,,,
151,:Amenities,Sound system with Bluetooth and aux,,,,,,,,,,,,,
152,:Amenities,Children’s books and toys for ages 2-5 years old and 5-10 years old,,,,,,,,,,,,,
153,:Amenities,Bread maker,,,,,,,,,,,,,
154,:Amenities,Keypad,,,,,,,,,,,,,
155,:Amenities,Baby monitor,,,,,,,,,,,,,
156,:Amenities,Wifi – 21 Mbps,,,,,,,,,,,,,
157,:Amenities,Table corner guards,,,,,,,,,,,,,
158,:Amenities,Gym,,,,,,,,,,,,,
159,:Amenities,Beach essentials,,,,,,,,,,,,,
160,:Amenities,Logitech soudbar sound system with Bluetooth and aux,,,,,,,,,,,,,
161,:Amenities,Trash compactor,,,,,,,,,,,,,
162,:Amenities,Clothing storage: wardrobe and closet,,,,,,,,,,,,,
163,:Amenities,Outdoor shower,,,,,,,,,,,,,
164,:Amenities,generic body soap,,,,,,,,,,,,,
165,:Amenities,Electro Line refrigerator,,,,,,,,,,,,,
166,:Amenities,HDTV with Chromecast,,,,,,,,,,,,,
167,:Amenities,ARGON Bluetooth sound system,,,,,,,,,,,,,
168,:Amenities,Game console: PS2,,,,,,,,,,,,,
169,:Amenities,"Dedicated workspace: monitor, office chair, and desk",,,,,,,,,,,,,
170,:Amenities,Rituals body soap,,,,,,,,,,,,,
171,:Amenities,Rituals conditioner,,,,,,,,,,,,,
172,:Amenities,Shared hot tub,,,,,,,,,,,,,
173,:Amenities,Paid parking garage off premises,,,,,,,,,,,,,
174,:Amenities,Dedicated workspace: office chair and table,,,,,,,,,,,,,
175,:Amenities,- body soap,,,,,,,,,,,,,
176,:Amenities,- conditioner,,,,,,,,,,,,,
177,:Amenities,"32"" HDTV with premium cable",,,,,,,,,,,,,
178,:Amenities,Indesit  refrigerator,,,,,,,,,,,,,
179,:Amenities,Dedicated workspace: desk,,,,,,,,,,,,,
180,:Amenities,Private garden or backyard,,,,,,,,,,,,,
181,:Amenities,Window AC unit,,,,,,,,,,,,,
182,:Amenities,Paid dryer – In unit,,,,,,,,,,,,,
183,:Amenities,ecological soap body soap,,,,,,,,,,,,,
184,:Amenities,Eco shampoo shampoo,,,,,,,,,,,,,
185,:Amenities,andrelon conditioner,,,,,,,,,,,,,
186,:Amenities,"Dedicated workspace: table, office chair, and desk",,,,,,,,,,,,,
187,:Amenities,TV with Netflix,,,,,,,,,,,,,
188,:Amenities,"TV with standard cable, Chromecast, premium cable",,,,,,,,,,,,,
189,:Amenities,"TV with Netflix, premium cable",,,,,,,,,,,,,
190,:Amenities,Andrelon conditioner,,,,,,,,,,,,,
191,:Amenities,Dove body soap,,,,,,,,,,,,,
192,:Amenities,organic soap body soap,,,,,,,,,,,,,
193,:Amenities,organic shampoo shampoo,,,,,,,,,,,,,
194,:Amenities,Free driveway parking on premises – 1 space,,,,,,,,,,,,,
195,:Amenities,Beachfront,,,,,,,,,,,,,
196,:Amenities,Bose sound system with Bluetooth and aux,,,,,,,,,,,,,
197,:Amenities,Miele gas stove,,,,,,,,,,,,,
198,:Amenities,Smeg stainless steel gas stove,,,,,,,,,,,,,
199,:Amenities,tube amplifier sound system with Bluetooth and aux,,,,,,,,,,,,,
200,:Amenities,Smeg stainless steel oven,,,,,,,,,,,,,
201,:Amenities,Shared garden or backyard,,,,,,,,,,,,,
202,:Amenities,Electric stove,,,,,,,,,,,,,
203,:Amenities,whirlpool refrigerator,,,,,,,,,,,,,
204,:Amenities,Washer – In unit,,,,,,,,,,,,,
205,:Amenities,Dryer – In unit,,,,,,,,,,,,,
206,:Amenities,Bluetooth Bluetooth sound system,,,,,,,,,,,,,
207,:Amenities,Dedicated workspace: table and desk,,,,,,,,,,,,,
208,:Amenities,"Clothing storage: wardrobe, closet, and dresser",,,,,,,,,,,,,
209,:Amenities,Paid parking garage on premises – 1 space,,,,,,,,,,,,,
210,:Amenities,Fast wifi – 279 Mbps,,,,,,,,,,,,,
211,:Amenities,inventum stainless steel oven,,,,,,,,,,,,,
212,:Amenities,aeg induction stove,,,,,,,,,,,,,
213,:Amenities,LG refrigerator,,,,,,,,,,,,,
214,:Amenities,SMEG stainless steel oven,,,,,,,,,,,,,
215,:Amenities,SMEG stainless steel gas stove,,,,,,,,,,,,,
216,:Amenities,"TV with standard cable, Apple TV, Netflix, premium cable",,,,,,,,,,,,,
217,:Amenities,Marley Get Together  sound system with Bluetooth and aux,,,,,,,,,,,,,
218,:Amenities,Game console: PS4,,,,,,,,,,,,,
219,:Amenities,Fireplace guards,,,,,,,,,,,,,
220,:Amenities,eco soap body soap,,,,,,,,,,,,,
221,:Amenities,Paid parking lot on premises,,,,,,,,,,,,,
222,:Amenities,You may store small things in the owner's fridge. refrigerator,,,,,,,,,,,,,
223,:Amenities,Portable heater,,,,,,,,,,,,,
224,:Amenities,Private hot tub,,,,,,,,,,,,,
225,:Amenities,Several different types body soap,,,,,,,,,,,,,
226,:Amenities,JBL Bluetooth speaker Bluetooth sound system,,,,,,,,,,,,,
227,:Amenities,Pool,,,,,,,,,,,,,
228,:Amenities,Induction stove,,,,,,,,,,,,,
229,:Amenities,Sonos sound system,,,,,,,,,,,,,
230,:Amenities,Game console: PS3 and PS4,,,,,,,,,,,,,
231,:Amenities,Free dryer,,,,,,,,,,,,,
232,:Amenities,HDTV with standard cable,,,,,,,,,,,,,
233,:Amenities,"Clothing storage: closet, wardrobe, and dresser",,,,,,,,,,,,,
234,:Amenities,Ikea refrigerator,,,,,,,,,,,,,
235,:Amenities,"TV with standard cable, premium cable",,,,,,,,,,,,,
236,:Amenities,"Dedicated workspace: desk, office chair, and monitor",,,,,,,,,,,,,
237,:Amenities,Children’s books and toys for ages 0-2 years old and 2-5 years old,,,,,,,,,,,,,
238,:Amenities,Kayak,,,,,,,,,,,,,
239,:Amenities,"42"" TV with Netflix, standard cable",,,,,,,,,,,,,
240,:Amenities,"42"" HDTV with Netflix, Apple TV, premium cable",,,,,,,,,,,,,
241,:Amenities,all kinds of conditioners conditioner,,,,,,,,,,,,,
242,:Amenities,all kinds of soap body soap,,,,,,,,,,,,,
243,:Amenities,Marantz sound system with aux,,,,,,,,,,,,,
244,:Amenities,Microwave also has a hot air oven function. oven,,,,,,,,,,,,,
245,:Amenities,Free washer – In building,,,,,,,,,,,,,
246,:Amenities,Dedicated workspace: table and office chair,,,,,,,,,,,,,
247,:Amenities,. body soap,,,,,,,,,,,,,
248,:Amenities,Clothing storage: closet and dresser,,,,,,,,,,,,,
249,:Amenities,Pool table,,,,,,,,,,,,,
250,:Amenities,mini fridge available on request refrigerator,,,,,,,,,,,,,
251,:Amenities,sony sound system with Bluetooth and aux,,,,,,,,,,,,,
252,:Amenities,Paid parking garage on premises,,,,,,,,,,,,,
253,:Amenities,"Children’s books and toys for ages 2-5 years old, 5-10 years old, and 10+ years old",,,,,,,,,,,,,
254,:Amenities,"HDTV with Netflix, standard cable",,,,,,,,,,,,,
255,:Amenities,Dedicated workspace: desk and table,,,,,,,,,,,,,
256,:Amenities,logitech  sound system,,,,,,,,,,,,,
257,:Amenities,Paid valet parking on premises,,,,,,,,,,,,,
258,:Amenities,Shared pool,,,,,,,,,,,,,
259,:Amenities,Marie Stella Maris luxury brand conditioner,,,,,,,,,,,,,
260,:Amenities,Marie Stella Maris luxury brand body soap,,,,,,,,,,,,,
261,:Amenities,"Retro stereo with Digitial radio, CD,  bluetooth connection for you to connect your Spotify sound system with Bluetooth and aux",,,,,,,,,,,,,
262,:Amenities,Bosch refrigerator,,,,,,,,,,,,,
263,:Amenities,Extra large chef stove with 6 burners stainless steel gas stove,,,,,,,,,,,,,
264,:Amenities,Marie Stella Maris luxury brand shampoo,,,,,,,,,,,,,
265,:Amenities,Hotel chef oven stainless steel oven,,,,,,,,,,,,,
266,:Amenities,ATAG oven,,,,,,,,,,,,,
267,:Amenities,Paid parking lot on premises – 10 spaces,,,,,,,,,,,,,
268,:Amenities,n.vt. conditioner,,,,,,,,,,,,,
269,:Amenities,LUX body soap,,,,,,,,,,,,,
270,:Amenities,Private pool,,,,,,,,,,,,,
271,:Amenities,DENON - BOSE sound system,,,,,,,,,,,,,
272,:Amenities,Fast wifi – 115 Mbps,,,,,,,,,,,,,
273,:Amenities,"55"" HDTV with Netflix, premium cable",,,,,,,,,,,,,
274,:Amenities,normal body soap,,,,,,,,,,,,,
275,:Amenities,"55"" HDTV with HBO Max, standard cable, premium cable",,,,,,,,,,,,,
276,:Amenities,"HDTV with Chromecast, Netflix, standard cable",,,,,,,,,,,,,
277,:Amenities,Brandless body soap,,,,,,,,,,,,,
278,:Amenities,Several brands conditioner,,,,,,,,,,,,,
279,:Amenities,Ping pong table,,,,,,,,,,,,,
280,:Amenities,Dryer – In building,,,,,,,,,,,,,
281,:Amenities,Washer – In building,,,,,,,,,,,,,
282,:Amenities,unicura or dettol body soap,,,,,,,,,,,,,
283,:Amenities,Clothing storage: dresser and wardrobe,,,,,,,,,,,,,
284,:Amenities,Clothing storage: closet and walk-in closet,,,,,,,,,,,,,
285,:Amenities,sonos sound system,,,,,,,,,,,,,
286,:Amenities,Kupperbusch refrigerator,,,,,,,,,,,,,
287,:Amenities,"Weleda, Rituals body soap",,,,,,,,,,,,,
288,:Amenities,Aveda conditioner,,,,,,,,,,,,,
289,:Amenities,Kupperbusch oven,,,,,,,,,,,,,
290,:Amenities,"30"" TV with standard cable",,,,,,,,,,,,,
291,:Amenities,Guhl conditioner,,,,,,,,,,,,,
292,:Amenities,Radiant heating,,,,,,,,,,,,,
293,:Amenities,Khiels body soap,,,,,,,,,,,,,
294,:Amenities,any body soap,,,,,,,,,,,,,
295,:Amenities,any conditioner,,,,,,,,,,,,,
296,:Amenities,Game console: PS3,,,,,,,,,,,,,
297,:Amenities,Wifi – 18 Mbps,,,,,,,,,,,,,
298,:Amenities,"60"" HDTV with standard cable, Amazon Prime Video, Apple TV, Netflix",,,,,,,,,,,,,
299,:Amenities,Siemens (high end) stainless steel oven,,,,,,,,,,,,,
300,:Amenities,Game console: Nintendo Wii U and PS4,,,,,,,,,,,,,
301,:Amenities,L'oreal conditioner,,,,,,,,,,,,,
302,:Amenities,Sanex body soap,,,,,,,,,,,,,
303,:Amenities,Marshall sound system with Bluetooth and aux,,,,,,,,,,,,,
304,:Amenities,Fast wifi – 100 Mbps,,,,,,,,,,,,,
305,:Amenities,Fast wifi – 302 Mbps,,,,,,,,,,,,,
306,:Amenities,Free dryer – In building,,,,,,,,,,,,,
307,:Amenities,Syoss shampoo,,,,,,,,,,,,,
308,:Amenities,Liebherr refrigerator,,,,,,,,,,,,,
309,:Amenities,Fast wifi – 90 Mbps,,,,,,,,,,,,,
310,:Amenities,Nivea showercreme body soap,,,,,,,,,,,,,
311,:Amenities,"Dedicated workspace: monitor, office chair, table, and desk",,,,,,,,,,,,,
312,:Amenities,"Dedicated workspace: office chair, table, monitor, and desk",,,,,,,,,,,,,
313,:Amenities,Unicura anti bacterial soap body soap,,,,,,,,,,,,,
314,:Amenities,Smeg refrigerator,,,,,,,,,,,,,
315,:Amenities,"TV with Apple TV, Netflix, standard cable",,,,,,,,,,,,,
316,:Amenities,* Use 'Liebherr' fridge in kitchen. * I wash the dishes. refrigerator,,,,,,,,,,,,,
317,:Amenities,Paid washer – In building,,,,,,,,,,,,,
318,:Amenities,Paid dryer – In building,,,,,,,,,,,,,
319,:Amenities,Verschillende merken.  body soap,,,,,,,,,,,,,
320,:Amenities,Dove shampoo,,,,,,,,,,,,,
321,:Amenities,Free driveway parking on premises – 2 spaces,,,,,,,,,,,,,
322,:Amenities,Samsung oven,,,,,,,,,,,,,
323,:Amenities,HDTV with Netflix,,,,,,,,,,,,,
324,:Amenities,"Dedicated workspace: table, desk, monitor, and office chair",,,,,,,,,,,,,
325,:Amenities,Etna oven,,,,,,,,,,,,,
326,:Amenities,Zanussi refrigerator,,,,,,,,,,,,,
327,:Amenities,Philips sound system with aux,,,,,,,,,,,,,
328,:Amenities,"Dedicated workspace: desk, table, and monitor",,,,,,,,,,,,,
329,:Amenities,Shared outdoor pool,,,,,,,,,,,,,
330,:Amenities,Game console: Nintendo Switch,,,,,,,,,,,,,
331,:Amenities,Clothing storage: wardrobe and dresser,,,,,,,,,,,,,
332,:Amenities,Private sauna,,,,,,,,,,,,,
333,:Amenities,"Dedicated workspace: office chair, table, desk, and monitor",,,,,,,,,,,,,
334,:Amenities,"TV with standard cable, Netflix",,,,,,,,,,,,,
335,:Amenities,Wifi – 37 Mbps,,,,,,,,,,,,,
336,:Amenities,Fenced garden or backyard,,,,,,,,,,,,,
337,:Amenities,Dove  body soap,,,,,,,,,,,,,
338,:Amenities,Game console: Nintendo Wii,,,,,,,,,,,,,
339,:Amenities,"HDTV with standard cable, Amazon Prime Video, Netflix, premium cable",,,,,,,,,,,,,
340,:Amenities,SONOS sound system,,,,,,,,,,,,,
341,:Amenities,"Dedicated workspace: desk, table, monitor, and office chair",,,,,,,,,,,,,
342,:Amenities,"42"" HDTV with premium cable",,,,,,,,,,,,,
343,:Amenities,Various shampoo,,,,,,,,,,,,,
344,:Amenities,Various body soap,,,,,,,,,,,,,
345,:Amenities,Zepplin Bluetooth sound system,,,,,,,,,,,,,
346,:Amenities,Bio body soap,,,,,,,,,,,,,
347,:Amenities,Orofluido conditioner,,,,,,,,,,,,,
348,:Amenities,Samsung refrigerator,,,,,,,,,,,,,
349,:Amenities,Orofluido shampoo,,,,,,,,,,,,,
350,:Amenities,house body soap,,,,,,,,,,,,,
351,:Amenities,"32"" TV with standard cable",,,,,,,,,,,,,
352,:Amenities,Philips SoundBar sound system with aux,,,,,,,,,,,,,
353,:Amenities,"42"" HDTV with Netflix, Amazon Prime Video, Apple TV",,,,,,,,,,,,,
354,:Amenities,Normal body soap,,,,,,,,,,,,,
355,:Amenities,"47"" HDTV with standard cable",,,,,,,,,,,,,
356,:Amenities,"50"" HDTV with Chromecast",,,,,,,,,,,,,
357,:Amenities,"HDTV with standard cable, Amazon Prime Video, Apple TV, Netflix",,,,,,,,,,,,,
358,:Amenities,"77"" HDTV with Amazon Prime Video, Apple TV, Chromecast, HBO Max, Netflix, premium cable, standard cable",,,,,,,,,,,,,
359,:Amenities,Wifi – 23 Mbps,,,,,,,,,,,,,
360,:Amenities,Dove conditioner,,,,,,,,,,,,,
361,:Amenities,"75"" HDTV with standard cable, Chromecast, Netflix, Apple TV",,,,,,,,,,,,,
362,:Amenities,Denon sound system with Bluetooth and aux,,,,,,,,,,,,,
363,:Amenities,Fast wifi – 74 Mbps,,,,,,,,,,,,,
364,:Amenities,"HDTV with standard cable, Amazon Prime Video, Chromecast, Netflix",,,,,,,,,,,,,
365,:Amenities,SIEMENS refrigerator,,,,,,,,,,,,,
366,:Amenities,Samsung (TV) Bluetooth sound system,,,,,,,,,,,,,
367,:Amenities,"65"" HDTV with Amazon Prime Video, Netflix, premium cable, standard cable",,,,,,,,,,,,,
368,:Amenities,"Dedicated workspace: office chair, desk, table, and monitor",,,,,,,,,,,,,
369,:Amenities,SMEG stainless steel stove,,,,,,,,,,,,,
370,:Amenities,"Dedicated workspace: table, monitor, and office chair",,,,,,,,,,,,,
371,:Amenities,Sonos  sound system,,,,,,,,,,,,,
372,:Amenities,Whirlpool  induction stove,,,,,,,,,,,,,
373,:Amenities,Regular body soap,,,,,,,,,,,,,
374,:Amenities,Siemens  oven,,,,,,,,,,,,,
375,:Amenities,QUAD 33/303 - Diapason Micra - Macbook+Spotify Pro sound system with Bluetooth and aux,,,,,,,,,,,,,
376,:Amenities,Ski-in/Ski-out,,,,,,,,,,,,,
377,:Amenities,Fast wifi – 433 Mbps,,,,,,,,,,,,,
378,:Amenities,various body soap,,,,,,,,,,,,,
379,:Amenities,Siemens induction stove,,,,,,,,,,,,,
380,:Amenities,"44"" HDTV with Amazon Prime Video, Netflix, premium cable, standard cable",,,,,,,,,,,,,
381,:Amenities,Sonos sound system with aux,,,,,,,,,,,,,
382,:Amenities,sonos Bluetooth sound system,,,,,,,,,,,,,
383,:Amenities,Dedicated workspace: desk and office chair,,,,,,,,,,,,,
384,:Amenities,Fast wifi – 104 Mbps,,,,,,,,,,,,,
385,:Amenities,Children’s books and toys for ages 0-2 years old,,,,,,,,,,,,,
386,:Amenities,"Dedicated workspace: monitor, desk, and office chair",,,,,,,,,,,,,
387,:Amenities,Stainless steel induction stove,,,,,,,,,,,,,
388,:Amenities,Bose sound system with aux,,,,,,,,,,,,,
389,:Amenities,??? conditioner,,,,,,,,,,,,,
390,:Amenities,Stainless steel stove,,,,,,,,,,,,,
391,:Amenities,Tafelmode refrigerator,,,,,,,,,,,,,
392,:Amenities,"HDTV with standard cable, Netflix",,,,,,,,,,,,,
393,:Amenities,SMeg refrigerator,,,,,,,,,,,,,
394,:Amenities,Bio conditioner,,,,,,,,,,,,,
395,:Amenities,Bio shampoo,,,,,,,,,,,,,
396,:Amenities,"50"" HDTV with Netflix, premium cable, standard cable",,,,,,,,,,,,,
397,:Amenities,"Dedicated workspace: office chair, table, and desk",,,,,,,,,,,,,
398,:Amenities,Bose Bluetooth sound system,,,,,,,,,,,,,
399,:Amenities,BlueNode & B&W sound system with Bluetooth and aux,,,,,,,,,,,,,
400,:Amenities,Love Beauty and Planet (vegan) conditioner,,,,,,,,,,,,,
401,:Amenities,Love Beauty and Planet (vegan) body soap,,,,,,,,,,,,,
402,:Amenities,Love Beauty and Planet ( vegan)  shampoo,,,,,,,,,,,,,
403,:Amenities,Bose  Bluetooth sound system,,,,,,,,,,,,,
404,:Amenities,"35"" HDTV with Apple TV",,,,,,,,,,,,,
405,:Amenities,"42"" HDTV with Chromecast",,,,,,,,,,,,,
406,:Amenities,Diverse merken body soap,,,,,,,,,,,,,
407,:Amenities,Eco-friendly body soap,,,,,,,,,,,,,
408,:Amenities,Eco-friendly shampoo,,,,,,,,,,,,,
409,:Amenities,Yoy can connect via bluetooth to our Marantz to listen to your own music Bluetooth sound system,,,,,,,,,,,,,
410,:Amenities,"Clothing storage: closet, wardrobe, and walk-in closet",,,,,,,,,,,,,
411,:Amenities,L’Oréal Elvive conditioner,,,,,,,,,,,,,
412,:Amenities,"48"" TV with Netflix, premium cable, standard cable",,,,,,,,,,,,,
413,:Amenities,Whirlpool  stainless steel oven,,,,,,,,,,,,,
414,:Amenities,Zwitsal wash-gel body soap,,,,,,,,,,,,,
415,:Amenities,L’Oréal Elvive shampoo,,,,,,,,,,,,,
416,:Amenities,Mostly supermarket shower gel body soap,,,,,,,,,,,,,
417,:Amenities,Mostly supermarket shampoo shampoo,,,,,,,,,,,,,
418,:Amenities,"TV with Netflix, standard cable",,,,,,,,,,,,,
419,:Amenities,Mostly supermarket conditioner conditioner,,,,,,,,,,,,,
420,:Amenities,"Clothing storage: closet, dresser, and wardrobe",,,,,,,,,,,,,
421,:Amenities,"TV with Netflix, Amazon Prime Video, Apple TV",,,,,,,,,,,,,
422,:Amenities,Bidet,,,,,,,,,,,,,
423,:Amenities,Fast wifi – 51 Mbps,,,,,,,,,,,,,
424,:Amenities,Fast wifi – 394 Mbps,,,,,,,,,,,,,
425,:Amenities,Nivea conditioner,,,,,,,,,,,,,
426,:Amenities,Nivea body soap,,,,,,,,,,,,,
427,:Amenities,Private gym in building,,,,,,,,,,,,,
428,:Amenities,"Dedicated workspace: desk, office chair, table, and monitor",,,,,,,,,,,,,
429,:Amenities,Fast wifi – 489 Mbps,,,,,,,,,,,,,
430,:Amenities,Fast wifi – 196 Mbps,,,,,,,,,,,,,
431,:Amenities,Game console: Xbox One,,,,,,,,,,,,,
432,:Amenities,Free carport on premises – 1 space,,,,,,,,,,,,,
433,:Amenities,"HDTV with Amazon Prime Video, Apple TV, Netflix",,,,,,,,,,,,,
434,:Amenities,"TV with standard cable, Netflix, Chromecast",,,,,,,,,,,,,
435,:Amenities,Etos conditioner,,,,,,,,,,,,,
436,:Amenities,Etos body soap,,,,,,,,,,,,,
437,:Amenities,Children’s books and toys for ages 5-10 years old,,,,,,,,,,,,,
438,:Amenities,AESOP body soap,,,,,,,,,,,,,
439,:Amenities,KEF Bluetooth sound system,,,,,,,,,,,,,
440,:Amenities,Children’s books and toys for ages 2-5 years old and 10+ years old,,,,,,,,,,,,,
441,:Amenities,Fast wifi – 95 Mbps,,,,,,,,,,,,,
442,:Amenities,"TV with Amazon Prime Video, Netflix",,,,,,,,,,,,,
443,:Amenities,JBL Speakers Bluetooth sound system,,,,,,,,,,,,,
444,:Amenities,Marants sound system,,,,,,,,,,,,,
445,:Amenities,Meraki shampoo,,,,,,,,,,,,,
446,:Amenities,Meraki body soap,,,,,,,,,,,,,
447,:Amenities,"TV with Netflix, Chromecast",,,,,,,,,,,,,
448,:Amenities,Meraki conditioner,,,,,,,,,,,,,
449,:Amenities,"52"" HDTV with Amazon Prime Video, Netflix, Chromecast",,,,,,,,,,,,,
450,:Amenities,Sonos (connect with wifi) sound system,,,,,,,,,,,,,
451,:Amenities,TV with premium cable,,,,,,,,,,,,,
452,:Amenities,"28"" HDTV with Netflix",,,,,,,,,,,,,
453,:Amenities,No special brand conditioner,,,,,,,,,,,,,
454,:Amenities,No special brand body soap,,,,,,,,,,,,,
455,:Amenities,No special brand shampoo,,,,,,,,,,,,,
456,:Amenities,Mini fridge refrigerator,,,,,,,,,,,,,
457,:Amenities,Savoire Fair shampoo,,,,,,,,,,,,,
458,:Amenities,Savoire Fair body soap,,,,,,,,,,,,,
459,:Amenities,"40"" HDTV with Netflix, premium cable, standard cable",,,,,,,,,,,,,
460,:Amenities,Savoir-Faire body soap,,,,,,,,,,,,,
461,:Amenities,Savoir-Faire shampoo,,,,,,,,,,,,,
462,:Amenities,"36"" HDTV with Chromecast, Netflix, standard cable",,,,,,,,,,,,,
463,:Amenities,"Dedicated workspace: office chair, desk, and table",,,,,,,,,,,,,
464,:Amenities,"Dedicated workspace: monitor, office chair, desk, and table",,,,,,,,,,,,,
465,:Amenities,Organic body soap,,,,,,,,,,,,,
466,:Amenities,Muuso Bluetooth sound system,,,,,,,,,,,,,
467,:Amenities,Wifi – 43 Mbps,,,,,,,,,,,,,
468,:Amenities,Hotel body soap,,,,,,,,,,,,,
469,:Amenities,Hotel conditioner,,,,,,,,,,,,,
470,:Amenities,"53"" HDTV with Netflix",,,,,,,,,,,,,
471,:Amenities,"Dedicated workspace: office chair, monitor, table, and desk",,,,,,,,,,,,,
472,:Amenities,Fast wifi – 94 Mbps,,,,,,,,,,,,,
473,:Amenities,Dutch originals sound system with Bluetooth and aux,,,,,,,,,,,,,
474,:Amenities,jbl Bluetooth sound system,,,,,,,,,,,,,
475,:Amenities,Andrelon  conditioner,,,,,,,,,,,,,
476,:Amenities,Dedicated workspace: monitor,,,,,,,,,,,,,
477,:Amenities,"HDTV with Netflix, Amazon Prime Video, premium cable, standard cable",,,,,,,,,,,,,
478,:Amenities,Sonos One sound system,,,,,,,,,,,,,
479,:Amenities,"TV with premium cable, standard cable",,,,,,,,,,,,,
480,:Amenities,sony Bluetooth sound system,,,,,,,,,,,,,
481,:Amenities,Marie stella maris body soap,,,,,,,,,,,,,
482,:Amenities,Marie stella maris conditioner,,,,,,,,,,,,,
483,:Amenities,Gym nearby,,,,,,,,,,,,,
484,:Amenities,inductie kookplaat induction stove,,,,,,,,,,,,,
485,:Amenities,natuurlijke conditioner conditioner,,,,,,,,,,,,,
486,:Amenities,natuurlijke shampoo shampoo,,,,,,,,,,,,,
487,:Amenities,natuurlijke zeep body soap,,,,,,,,,,,,,
488,:Amenities,Essentials body soap,,,,,,,,,,,,,
489,:Amenities,HDTV with premium cable,,,,,,,,,,,,,
490,:Amenities,"Clothing storage: closet, walk-in closet, and wardrobe",,,,,,,,,,,,,
491,:Amenities,"32"" TV with Chromecast",,,,,,,,,,,,,
492,:Amenities,"42"" HDTV with Chromecast, Netflix",,,,,,,,,,,,,
493,:Amenities,Miele stainless steel oven,,,,,,,,,,,,,
494,:Amenities,Atag  induction stove,,,,,,,,,,,,,
495,:Amenities,"HDTV with Amazon Prime Video, Netflix",,,,,,,,,,,,,
496,:Amenities,Bosch Single Oven Fan Assist oven,,,,,,,,,,,,,
497,:Amenities,Marie Stella Maris of Amsterdam shampoo,,,,,,,,,,,,,
498,:Amenities,Bosch Four Ring  induction stove,,,,,,,,,,,,,
499,:Amenities,"55"" HDTV with premium cable",,,,,,,,,,,,,
500,:Amenities,Sonos  Bluetooth sound system,,,,,,,,,,,,,
501,:Amenities,Fast wifi – 390 Mbps,,,,,,,,,,,,,
502,:Amenities,Bosch Built in Fridge Freezer refrigerator,,,,,,,,,,,,,
503,:Amenities,Marie Stella Maris of Amsterdam body soap,,,,,,,,,,,,,
504,:Amenities,Marie Stella Maris of Amsterdam  conditioner,,,,,,,,,,,,,
505,:Amenities,Wakkerstraat  body soap,,,,,,,,,,,,,
506,:Amenities,Samsung  refrigerator,,,,,,,,,,,,,
507,:Amenities,Ecover body soap,,,,,,,,,,,,,
508,:Amenities,Hema shampoo,,,,,,,,,,,,,
509,:Amenities,Sonos sound system with Bluetooth and aux,,,,,,,,,,,,,
510,:Amenities,"Nivea, Fa, Dove, or something similar conditioner",,,,,,,,,,,,,
511,:Amenities,Fa Dove Nivea or something similar body soap,,,,,,,,,,,,,
512,:Amenities,"HDTV with standard cable, Amazon Prime Video, Netflix, Chromecast, premium cable",,,,,,,,,,,,,
513,:Amenities,Siemens en Bosch refrigerator,,,,,,,,,,,,,
514,:Amenities,Marie Stella Marris conditioner,,,,,,,,,,,,,
515,:Amenities,Marshall Bluetooth sound system,,,,,,,,,,,,,
516,:Amenities,Game console: PS5,,,,,,,,,,,,,
517,:Amenities,"HDTV with Chromecast, Netflix",,,,,,,,,,,,,
518,:Amenities,"Dedicated workspace: desk, table, and office chair",,,,,,,,,,,,,
519,:Amenities,"Dedicated workspace: table, monitor, desk, and office chair",,,,,,,,,,,,,
520,:Amenities,standard body soap,,,,,,,,,,,,,
521,:Amenities,"Siemens, twee ovens. Stoom oven en hetelucht oven.  stainless steel oven",,,,,,,,,,,,,
522,:Amenities,"TV with Netflix, premium cable, standard cable",,,,,,,,,,,,,
523,:Amenities,Siemens refrigerator,,,,,,,,,,,,,
524,:Amenities,cd player & radio sound system,,,,,,,,,,,,,
525,:Amenities,Free washer,,,,,,,,,,,,,
526,:Amenities,Philips Fidelio sound system with Bluetooth and aux,,,,,,,,,,,,,
527,:Amenities,just a bar of regular soap body soap,,,,,,,,,,,,,
528,:Amenities,"36"" HDTV with Amazon Prime Video, Apple TV, Netflix",,,,,,,,,,,,,
529,:Amenities,just a fridge refrigerator,,,,,,,,,,,,,
530,:Amenities,TV with Apple TV,,,,,,,,,,,,,
531,:Amenities,"Dedicated workspace: office chair, desk, and monitor",,,,,,,,,,,,,
532,:Amenities,Organic shampoo shampoo,,,,,,,,,,,,,
533,:Amenities,Organic soap body soap,,,,,,,,,,,,,
534,:Amenities,Fast wifi – 183 Mbps,,,,,,,,,,,,,
535,:Amenities,"45"" HDTV with Netflix, standard cable",,,,,,,,,,,,,
536,:Amenities,"TV with Apple TV, premium cable, Chromecast, Netflix",,,,,,,,,,,,,
537,:Amenities,Free parking on premises – 1 space,,,,,,,,,,,,,
538,:Amenities,"Clothing storage: dresser, closet, wardrobe, and walk-in closet",,,,,,,,,,,,,
539,:Amenities,Organic  body soap,,,,,,,,,,,,,
540,:Amenities,Organic  conditioner,,,,,,,,,,,,,
541,:Amenities,"Dedicated workspace: table, desk, office chair, and monitor",,,,,,,,,,,,,
542,:Amenities,Handzeep body soap,,,,,,,,,,,,,
543,:Amenities,Fast wifi – 102 Mbps,,,,,,,,,,,,,
544,:Amenities,Fast wifi – 422 Mbps,,,,,,,,,,,,,
545,:Amenities,Bluetooth: ENEBY30 Bluetooth sound system,,,,,,,,,,,,,
546,:Amenities,Hema body soap,,,,,,,,,,,,,
547,:Amenities,Hema conditioner,,,,,,,,,,,,,
548,:Amenities,"HDTV with standard cable, Amazon Prime Video, Netflix, Chromecast, Apple TV",,,,,,,,,,,,,
549,:Amenities,Spa Collection body soap,,,,,,,,,,,,,
550,:Amenities,Spa Collection shampoo,,,,,,,,,,,,,
551,:Amenities,whatever body soap,,,,,,,,,,,,,
552,:Amenities,ice cold refrigerator,,,,,,,,,,,,,
553,:Amenities,eco body soap,,,,,,,,,,,,,
554,:Amenities,eco weleda conditioner,,,,,,,,,,,,,
555,:Amenities,eco weleda shampoo,,,,,,,,,,,,,
556,:Amenities,"Dedicated workspace: table, monitor, office chair, and desk",,,,,,,,,,,,,
557,:Amenities,"65"" HDTV with Chromecast, Netflix",,,,,,,,,,,,,
558,:Amenities,BOSE sound system with Bluetooth and aux,,,,,,,,,,,,,
559,:Amenities,vloeibare handzeep body soap,,,,,,,,,,,,,
560,:Amenities,"32"" HDTV with Chromecast, Netflix, premium cable, standard cable",,,,,,,,,,,,,
561,:Amenities,VEHO wifi sound system sound system with Bluetooth and aux,,,,,,,,,,,,,
562,:Amenities,Elvive conditioner,,,,,,,,,,,,,
563,:Amenities,"Dedicated workspace: desk, office chair, and table",,,,,,,,,,,,,
564,:Amenities,Different brands body soap,,,,,,,,,,,,,
565,:Amenities,Smeg gas stove,,,,,,,,,,,,,
566,:Amenities,L oreal conditioner,,,,,,,,,,,,,
567,:Amenities,Fragonnard  body soap,,,,,,,,,,,,,
568,:Amenities,Sony Speakers connected to record player  sound system with aux,,,,,,,,,,,,,
569,:Amenities,Children’s books and toys for ages 10+ years old,,,,,,,,,,,,,
570,:Amenities,"HDTV with Netflix, standard cable, Chromecast",,,,,,,,,,,,,
571,:Amenities,Fast wifi – 142 Mbps,,,,,,,,,,,,,
572,:Amenities,"Clothing storage: dresser, wardrobe, and closet",,,,,,,,,,,,,
573,:Amenities,Fast wifi – 112 Mbps,,,,,,,,,,,,,
574,:Amenities,good sound - connect with Spotifypremium Bluetooth sound system,,,,,,,,,,,,,
575,:Amenities,combimagnetron stainless steel oven,,,,,,,,,,,,,
576,:Amenities,hema body soap,,,,,,,,,,,,,
577,:Amenities,tafelmodel refrigerator,,,,,,,,,,,,,
578,:Amenities,Private outdoor heated pool,,,,,,,,,,,,,
579,:Amenities,. conditioner,,,,,,,,,,,,,
580,:Amenities,Rituals shampoo,,,,,,,,,,,,,
581,:Amenities,"TV with Chromecast, Netflix",,,,,,,,,,,,,
582,:Amenities,various brands body soap,,,,,,,,,,,,,
583,:Amenities,Devon sound system with Bluetooth and aux,,,,,,,,,,,,,
584,:Amenities,Shared gym in building,,,,,,,,,,,,,
585,:Amenities,Shared sauna,,,,,,,,,,,,,
586,:Amenities,"55"" TV with Chromecast, Netflix, standard cable",,,,,,,,,,,,,
587,:Amenities,Fast wifi – 79 Mbps,,,,,,,,,,,,,
588,:Amenities,Fast wifi – 69 Mbps,,,,,,,,,,,,,
589,:Amenities,"Dedicated workspace: monitor, office chair, and table",,,,,,,,,,,,,
590,:Amenities,z body soap,,,,,,,,,,,,,
591,:Amenities,Game console: Xbox 360,,,,,,,,,,,,,
592,:Amenities,AESOP conditioner,,,,,,,,,,,,,
593,:Amenities,"HDTV with Netflix, standard cable, Apple TV",,,,,,,,,,,,,
594,:Amenities,dove body soap,,,,,,,,,,,,,
595,:Amenities,Dove or Baby shampoo shampoo,,,,,,,,,,,,,
596,:Amenities,Free parking garage on premises,,,,,,,,,,,,,
597,:Amenities,Samsung American Fridge refrigerator,,,,,,,,,,,,,
598,:Amenities,Harman Kardon sound system with Bluetooth and aux,,,,,,,,,,,,,
599,:Amenities,"65"" HDTV with Netflix, premium cable",,,,,,,,,,,,,
600,:Amenities,"48"" HDTV with standard cable",,,,,,,,,,,,,
601,:Amenities,"55"" HDTV with Apple TV, Chromecast, Netflix, standard cable",,,,,,,,,,,,,
602,:Amenities,"Rituals, organic/lush body soap",,,,,,,,,,,,,
603,:Amenities,House of Marley sound system with Bluetooth and aux,,,,,,,,,,,,,
604,:Amenities,"HDTV with Netflix, Amazon Prime Video, standard cable, premium cable",,,,,,,,,,,,,
605,:Amenities,Fast wifi – 64 Mbps,,,,,,,,,,,,,
606,:Amenities,Cambridge audio sound system with aux,,,,,,,,,,,,,
607,:Amenities,"180"" TV with Amazon Prime Video, Apple TV, Netflix",,,,,,,,,,,,,
608,:Amenities,Denon Bluetooth sound system,,,,,,,,,,,,,
609,:Amenities,"40"" HDTV with Netflix",,,,,,,,,,,,,
610,:Amenities,Wifi – 22 Mbps,,,,,,,,,,,,,
611,:Amenities,"TV with Apple TV, Chromecast, Netflix",,,,,,,,,,,,,
612,:Amenities,JBL sound system,,,,,,,,,,,,,
613,:Amenities,Samsung Bespoke refrigerator,,,,,,,,,,,,,
614,:Amenities,Miele refrigerator,,,,,,,,,,,,,
615,:Amenities,Children’s books and toys for ages 2-5 years old,,,,,,,,,,,,,
616,:Amenities,"42"" HDTV with Amazon Prime Video, Netflix, standard cable",,,,,,,,,,,,,
617,:Amenities,"57"" TV with Apple TV, Netflix, premium cable, standard cable",,,,,,,,,,,,,
618,:Amenities,NAD sound system with Bluetooth and aux,,,,,,,,,,,,,
619,:Amenities,Wifi – 20 Mbps,,,,,,,,,,,,,
620,:Amenities,Paid washer,,,,,,,,,,,,,
621,:Amenities,Paid dryer,,,,,,,,,,,,,
622,:Amenities,Bosch oven,,,,,,,,,,,,,
623,:Amenities,Bosch induction stove,,,,,,,,,,,,,
624,:Amenities,"32"" HDTV with Apple TV, Netflix, premium cable",,,,,,,,,,,,,
625,:Amenities,Bang & Olufsen sound system,,,,,,,,,,,,,
626,:Amenities,"HDTV with Chromecast, Netflix, premium cable, standard cable",,,,,,,,,,,,,
627,:Amenities,"43"" HDTV with standard cable",,,,,,,,,,,,,
628,:Amenities,Paid parking garage on premises – 2 spaces,,,,,,,,,,,,,
629,:Amenities,Aēsop & Marie-Stella-Maris body soap,,,,,,,,,,,,,
630,:Amenities,"32"" HDTV with Chromecast, Netflix, standard cable",,,,,,,,,,,,,
631,:Amenities,Game console: Nintendo Wii U,,,,,,,,,,,,,
632,:Amenities,Whirlpool refrigerator,,,,,,,,,,,,,
633,:Amenities,Paid parking lot on premises – 50 spaces,,,,,,,,,,,,,
634,:Amenities,Greenchoice body soap,,,,,,,,,,,,,
635,:Amenities,Clothing storage: dresser and walk-in closet,,,,,,,,,,,,,
636,:Amenities,Andrelon shampoo,,,,,,,,,,,,,
637,:Amenities,House brand conditioner,,,,,,,,,,,,,
638,:Amenities,Siemens stainless steel electric stove,,,,,,,,,,,,,
639,:Amenities,Siemens stainless steel oven,,,,,,,,,,,,,
640,:Amenities,House brand body soap,,,,,,,,,,,,,
641,:Amenities,"HDTV with Netflix, premium cable",,,,,,,,,,,,,
642,:Amenities,"HDTV with Chromecast, standard cable",,,,,,,,,,,,,
643,:Amenities,Free residential garage on premises,,,,,,,,,,,,,
644,:Amenities,AudioPro sound system with Bluetooth and aux,,,,,,,,,,,,,
645,:Amenities,Bose sound system,,,,,,,,,,,,,
646,:Amenities,"48"" HDTV with standard cable, premium cable, Netflix, Chromecast",,,,,,,,,,,,,
647,:Amenities,Fast wifi – 280 Mbps,,,,,,,,,,,,,
648,:Amenities,"HDTV with Chromecast, premium cable",,,,,,,,,,,,,
649,:Amenities,"43"" HDTV with Chromecast, Netflix, standard cable",,,,,,,,,,,,,
650,:Amenities,"Clothing storage: wardrobe, dresser, and closet",,,,,,,,,,,,,
651,:Amenities,Siemens oven,,,,,,,,,,,,,
652,:Amenities,Siemsens Inductie electric stove,,,,,,,,,,,,,
653,:Amenities,Smegg refrigerator,,,,,,,,,,,,,
654,:Amenities,Fast wifi – 287 Mbps,,,,,,,,,,,,,
655,:Amenities,Fast wifi – 303 Mbps,,,,,,,,,,,,,
656,:Amenities,Fast wifi – 185 Mbps,,,,,,,,,,,,,
657,:Amenities,"Clothing storage: wardrobe, walk-in closet, and closet",,,,,,,,,,,,,
658,:Amenities,Liebherr  refrigerator,,,,,,,,,,,,,
659,:Amenities,"HDTV with Chromecast, Netflix, Apple TV",,,,,,,,,,,,,
660,:Amenities,Marantz Surround Sound Receiver KEF 5.1 speaker system sound system with Bluetooth and aux,,,,,,,,,,,,,
661,:Amenities,"Clothing storage: closet, walk-in closet, and dresser",,,,,,,,,,,,,
662,:Amenities,Electrolux refrigerator,,,,,,,,,,,,,
663,:Amenities,Ikea stainless steel oven,,,,,,,,,,,,,
664,:Amenities,Google Bluetooth sound system,,,,,,,,,,,,,
665,:Amenities,Ikea induction stove,,,,,,,,,,,,,
666,:Amenities,O body soap,,,,,,,,,,,,,
667,:Amenities,O shampoo,,,,,,,,,,,,,
668,:Amenities,Palmolive body soap,,,,,,,,,,,,,
669,:Amenities,Naamloos conditioner,,,,,,,,,,,,,
670,:Amenities,Private outdoor pool,,,,,,,,,,,,,
671,:Amenities,Marie Stella Maris  conditioner,,,,,,,,,,,,,
672,:Amenities,Limited housekeeping — ,,,,,,,,,,,,,
673,:Amenities,Laundry services,,,,,,,,,,,,,
674,:Amenities,Bike rental — €13 per person per day,,,,,,,,,,,,,
675,:Amenities,Game room,,,,,,,,,,,,,
676,:Amenities,Onsite bar,,,,,,,,,,,,,
677,:Amenities,Self-parking — €10/day,,,,,,,,,,,,,
678,:Amenities,Free wifi,,,,,,,,,,,,,
679,:Amenities, linens,,,,,,,,,,,,,
680,:Amenities,Pets allowed,,,,,,,,,,,,,
681,:Amenities,Bed sheets and pillows,,,,,,,,,,,,,
682,:Amenities,Complimentary continental breakfast,,,,,,,,,,,,,
683,:Amenities,Toiletries,,,,,,,,,,,,,
684,:Amenities,Housekeeping,,,,,,,,,,,,,
685,:Amenities,Valet parking — €35/day,,,,,,,,,,,,,
686,:Amenities,Continental breakfast available — €13 per person per day,,,,,,,,,,,,,
687,:Amenities,Dedicated workspace: office chair,,,,,,,,,,,,,
688,:Amenities,Free parking garage on premises – 1 space,,,,,,,,,,,,,
689,:Amenities,Paid parking garage on premises – 60 spaces,,,,,,,,,,,,,
690,:Amenities,I love Eco Essentials body soap,,,,,,,,,,,,,
691,:Amenities,Concierge,,,,,,,,,,,,,
692,:Amenities,Airport shuttle,,,,,,,,,,,,,
693,:Amenities,Bike rental — €12/day,,,,,,,,,,,,,
694,:Amenities,Minibar,,,,,,,,,,,,,
695,:Amenities,L'Occitane toiletries,,,,,,,,,,,,,
696,:Amenities,Fitness center,,,,,,,,,,,,,
697,:Amenities,Room service,,,,,,,,,,,,,
698,:Amenities,Self-parking — €35/day,,,,,,,,,,,,,
699,:Amenities,"50"" TV",,,,,,,,,,,,,
700,:Amenities,Complimentary breakfast,,,,,,,,,,,,,
701,:Amenities,Zanussi stainless steel oven,,,,,,,,,,,,,
702,:Amenities,Fast wifi – 72 Mbps,,,,,,,,,,,,,
703,:Amenities,Fast wifi – 365 Mbps,,,,,,,,,,,,,
704,:Amenities,bora induction stove,,,,,,,,,,,,,
705,:Amenities,gaggenau stainless steel oven,,,,,,,,,,,,,
706,:Amenities,siemens refrigerator,,,,,,,,,,,,,
707,:Amenities,"32"" HDTV with standard cable",,,,,,,,,,,,,
708,:Amenities,Free driveway parking on premises,,,,,,,,,,,,,
709,:Amenities,Rituals  shampoo,,,,,,,,,,,,,
710,:Amenities,"HDTV with standard cable, premium cable, Netflix",,,,,,,,,,,,,
711,:Amenities,Rituals  body soap,,,,,,,,,,,,,
712,:Amenities,IloveEcoEssentials body soap,,,,,,,,,,,,,
713,:Amenities,"HDTV with Amazon Prime Video, Netflix, Roku",,,,,,,,,,,,,
714,:Amenities,Radio sound system,,,,,,,,,,,,,
715,:Amenities,Several  body soap,,,,,,,,,,,,,
716,:Amenities,Nvt refrigerator,,,,,,,,,,,,,
717,:Amenities,"TV with Netflix, HBO Max, Chromecast, premium cable",,,,,,,,,,,,,
718,:Amenities,Breakfast buffet available — €15 per person per day,,,,,,,,,,,,,
719,:Amenities, toiletries,,,,,,,,,,,,,
720,:Amenities,AEG refrigerator,,,,,,,,,,,,,
721,:Amenities,Tefal stainless steel oven,,,,,,,,,,,,,
722,:Amenities,Bottled water,,,,,,,,,,,,,
723,:Amenities,Turndown service,,,,,,,,,,,,,
724,:Amenities,Complimentary self parking,,,,,,,,,,,,,
725,:Amenities,Bluetooth speaker,,,,,,,,,,,,,
726,:Amenities,Restaurant,,,,,,,,,,,,,
727,:Amenities,Bathrobes,,,,,,,,,,,,,
728,:Amenities,Breakfast buffet available for a fee,,,,,,,,,,,,,
729,:Amenities,"Dedicated workspace: desk, office chair, monitor, and table",,,,,,,,,,,,,
730,:Amenities,Rangemaster oven,,,,,,,,,,,,,
731,:Amenities,Rangemaster gas stove,,,,,,,,,,,,,
732,:Amenities,Smeg  oven,,,,,,,,,,,,,
733,:Amenities,Aussie shampoo,,,,,,,,,,,,,
734,:Amenities,Eco body soap,,,,,,,,,,,,,
735,:Amenities,smeg stainless steel oven,,,,,,,,,,,,,
736,:Amenities,Sonos - wifi sound system,,,,,,,,,,,,,
737,:Amenities,"40"" HDTV with Amazon Prime Video, Apple TV, Netflix",,,,,,,,,,,,,
738,:Amenities,occitane body soap,,,,,,,,,,,,,
739,:Amenities,Onbekend  body soap,,,,,,,,,,,,,
740,:Amenities,Onbekend  conditioner,,,,,,,,,,,,,
741,:Amenities,"TV with Amazon Prime Video, Netflix, premium cable",,,,,,,,,,,,,
742,:Amenities,Shared gym nearby,,,,,,,,,,,,,
743,:Amenities,Game console: PS4 and Xbox One,,,,,,,,,,,,,
744,:Amenities,harman/kardon Bluetooth sound system,,,,,,,,,,,,,
745,:Amenities,bauwknecht  stainless steel oven,,,,,,,,,,,,,
746,:Amenities,bauwknecht refrigerator,,,,,,,,,,,,,
747,:Amenities,"55"" HDTV with Amazon Prime Video, Apple TV, Netflix, premium cable",,,,,,,,,,,,,
748,:Amenities,green soap body soap,,,,,,,,,,,,,
749,:Amenities,Free carport on premises,,,,,,,,,,,,,
750,:Amenities,"HDTV with standard cable, Netflix, premium cable",,,,,,,,,,,,,
751,:Amenities,IKEA stainless steel oven,,,,,,,,,,,,,
752,:Amenities,Denon Amplifier - B&W Speakers sound system with Bluetooth and aux,,,,,,,,,,,,,
753,:Amenities,L’Oréal  conditioner,,,,,,,,,,,,,
754,:Amenities,Spa & therme  body soap,,,,,,,,,,,,,
755,:Amenities,SMEG refrigerator,,,,,,,,,,,,,
756,:Amenities,SMEG stainless steel electric stove,,,,,,,,,,,,,
757,:Amenities,"62"" HDTV with Netflix",,,,,,,,,,,,,
758,:Amenities,Dedicated workspace: monitor and table,,,,,,,,,,,,,
759,:Amenities,Eco shampoo,,,,,,,,,,,,,
760,:Amenities,Pelgrim oven,,,,,,,,,,,,,
761,:Amenities,Pelgrim induction stove,,,,,,,,,,,,,
762,:Amenities,"70"" HDTV with Netflix, premium cable",,,,,,,,,,,,,
763,:Amenities,Paid parking garage on premises – 80 spaces,,,,,,,,,,,,,
764,:Amenities,Gfl Amenities shampoo,,,,,,,,,,,,,
765,:Amenities,Proline refrigerator,,,,,,,,,,,,,
766,:Amenities,Gfl Amenities body soap,,,,,,,,,,,,,
767,:Amenities,Game console: Nintendo Wii and PS4,,,,,,,,,,,,,
768,:Amenities,Bose Soundtouch sound system with Bluetooth and aux,,,,,,,,,,,,,
769,:Amenities,Bora  induction stove,,,,,,,,,,,,,
770,:Amenities,Unicura body soap,,,,,,,,,,,,,
771,:Amenities,"55"" HDTV with Netflix, standard cable",,,,,,,,,,,,,
772,:Amenities,Denon icm KEF sound system,,,,,,,,,,,,,
773,:Amenities,JBL Xtreme Bluetooth sound system,,,,,,,,,,,,,
774,:Amenities,"Dedicated workspace: monitor, table, office chair, and desk",,,,,,,,,,,,,
775,:Amenities,Zenology shampoo,,,,,,,,,,,,,
776,:Amenities,Zenology body soap,,,,,,,,,,,,,
777,:Amenities,Zenology conditioner,,,,,,,,,,,,,
778,:Amenities,Ikea stove,,,,,,,,,,,,,
779,:Amenities,BOSE Bluetooth sound system,,,,,,,,,,,,,
780,:Amenities,"HDTV with Netflix, Amazon Prime Video",,,,,,,,,,,,,
781,:Amenities,Stainless steel electric stove,,,,,,,,,,,,,
782,:Amenities,Vintage Amp Luxman sound system with Bluetooth and aux,,,,,,,,,,,,,
783,:Amenities,Smeg  refrigerator,,,,,,,,,,,,,
784,:Amenities,Sonos (WiFi) sound system,,,,,,,,,,,,,
785,:Amenities,depends shampoo,,,,,,,,,,,,,
786,:Amenities,handsoap showergel shampoo body soap,,,,,,,,,,,,,
787,:Amenities,Marie Stella body soap,,,,,,,,,,,,,
788,:Amenities,Marie Stella shampoo,,,,,,,,,,,,,
789,:Amenities,Marie Stella conditioner,,,,,,,,,,,,,
790,:Amenities,Paid parking lot on premises – 100 spaces,,,,,,,,,,,,,
791,:Amenities,Smeg oven,,,,,,,,,,,,,
792,:Amenities,Eco friendly  shampoo,,,,,,,,,,,,,
793,:Amenities,.  Bluetooth sound system,,,,,,,,,,,,,
794,:Amenities,.  stainless steel gas stove,,,,,,,,,,,,,
795,:Amenities,Eco friendly  body soap,,,,,,,,,,,,,
796,:Amenities,"43"" HDTV with Netflix, premium cable, standard cable",,,,,,,,,,,,,
797,:Amenities,smeg refrigerator,,,,,,,,,,,,,
798,:Amenities,smeg stove,,,,,,,,,,,,,
799,:Amenities,"50"" HDTV with Amazon Prime Video, Apple TV, Netflix",,,,,,,,,,,,,
800,:Amenities,Philips Simple music box. Good enough for entertainment Bluetooth sound system,,,,,,,,,,,,,
801,:Amenities,Combi microwave/ oven oven,,,,,,,,,,,,,
802,:Amenities,AEG induction stove,,,,,,,,,,,,,
803,:Amenities,"HDTV with Amazon Prime Video, Netflix, Chromecast",,,,,,,,,,,,,
804,:Amenities,Sanex zero no parabens  body soap,,,,,,,,,,,,,
805,:Amenities,"TV with Apple TV, Netflix",,,,,,,,,,,,,
806,:Amenities,Marie Stella Maris  body soap,,,,,,,,,,,,,
807,:Amenities,"55"" HDTV with Netflix, premium cable, standard cable",,,,,,,,,,,,,
808,:Amenities,"Dedicated workspace: desk, monitor, and office chair",,,,,,,,,,,,,
809,:Amenities,AEG oven,,,,,,,,,,,,,
810,:Amenities,bose Bluetooth sound system,,,,,,,,,,,,,
811,:Amenities,Green Soap conditioner,,,,,,,,,,,,,
812,:Amenities,Green Soap shampoo,,,,,,,,,,,,,
813,:Amenities,"24"" TV with Chromecast",,,,,,,,,,,,,
814,:Amenities,Green Soap body soap,,,,,,,,,,,,,
815,:Amenities,Various conditioner,,,,,,,,,,,,,
816,:Amenities,Smeg stainless steel electric stove,,,,,,,,,,,,,
817,:Amenities,SONOS Bluetooth sound system,,,,,,,,,,,,,
818,:Amenities,AEG stainless steel oven,,,,,,,,,,,,,
819,:Amenities,"Dedicated workspace: desk, monitor, table, and office chair",,,,,,,,,,,,,
820,:Amenities,Etna  refrigerator,,,,,,,,,,,,,
821,:Amenities,MARIE-STELLA-MARIS shampoo,,,,,,,,,,,,,
822,:Amenities,MARIE-STELLA-MARIS conditioner,,,,,,,,,,,,,
823,:Amenities,Syos conditioner,,,,,,,,,,,,,
824,:Amenities,"HDTV with Apple TV, Chromecast, Netflix",,,,,,,,,,,,,
825,:Amenities,Nivea shampoo,,,,,,,,,,,,,
826,:Amenities,Australien shampoo,,,,,,,,,,,,,
827,:Amenities,"HDTV with Amazon Prime Video, Apple TV, Chromecast, Netflix, standard cable",,,,,,,,,,,,,
828,:Amenities,Australien  conditioner,,,,,,,,,,,,,
829,:Amenities,"HDTV with Amazon Prime Video, Chromecast, Netflix, premium cable",,,,,,,,,,,,,
830,:Amenities,indensit refrigerator,,,,,,,,,,,,,
831,:Amenities,indensit induction stove,,,,,,,,,,,,,
832,:Amenities,indensit stainless steel oven,,,,,,,,,,,,,
833,:Amenities,Verschillend conditioner,,,,,,,,,,,,,
834,:Amenities,Verschillend shampoo,,,,,,,,,,,,,
835,:Amenities,Verschillend body soap,,,,,,,,,,,,,
836,:Amenities,"HDTV with Amazon Prime Video, Netflix, premium cable",,,,,,,,,,,,,
837,:Amenities,"Dedicated workspace: table, office chair, desk, and monitor",,,,,,,,,,,,,
838,:Amenities,"36"" TV with Apple TV, Netflix",,,,,,,,,,,,,
839,:Amenities,Fast wifi – 91 Mbps,,,,,,,,,,,,,
840,:Amenities,ikea refrigerator,,,,,,,,,,,,,
841,:Amenities,Andrelon  shampoo,,,,,,,,,,,,,
842,:Amenities,"Dedicated workspace: office chair, monitor, desk, and table",,,,,,,,,,,,,
843,:Amenities,"49"" HDTV with Chromecast, Netflix",,,,,,,,,,,,,
844,:Amenities,SMEG oven,,,,,,,,,,,,,
845,:Amenities,SMEG stove,,,,,,,,,,,,,
846,:Amenities,"43"" HDTV",,,,,,,,,,,,,
847,:Amenities,Miele  oven,,,,,,,,,,,,,
848,:Amenities,"Clothing storage: wardrobe, walk-in closet, closet, and dresser",,,,,,,,,,,,,
849,:Amenities,Etos shampoo,,,,,,,,,,,,,
850,:Amenities,"42"" HDTV with Netflix",,,,,,,,,,,,,
851,:Amenities,zanussi refrigerator,,,,,,,,,,,,,
852,:Amenities,"Shampoo, bodywash and hand wash is from Rituals Hammam body soap",,,,,,,,,,,,,
853,:Amenities,Marcel  body soap,,,,,,,,,,,,,
854,:Amenities,Marcel  shampoo,,,,,,,,,,,,,
855,:Amenities,Clothing storage: walk-in closet and wardrobe,,,,,,,,,,,,,
856,:Amenities,Sonos Stereo Speakers sound system,,,,,,,,,,,,,
857,:Amenities,Divers body soap,,,,,,,,,,,,,
858,:Amenities,divers conditioner,,,,,,,,,,,,,
859,:Amenities,divers shampoo,,,,,,,,,,,,,
860,:Amenities,Kitchen Aid stainless steel oven,,,,,,,,,,,,,
861,:Amenities,Private gym nearby,,,,,,,,,,,,,
862,:Amenities,Sebamed body soap,,,,,,,,,,,,,
863,:Amenities,siemens gas stove,,,,,,,,,,,,,
864,:Amenities,zenology body soap,,,,,,,,,,,,,
865,:Amenities,AEG stainless steel induction stove,,,,,,,,,,,,,
866,:Amenities,"43"" HDTV with Amazon Prime Video, Chromecast, Netflix, premium cable",,,,,,,,,,,,,
867,:Amenities,Samsung with icemaker refrigerator,,,,,,,,,,,,,
868,:Amenities,SMEG induction stove,,,,,,,,,,,,,
869,:Amenities,Very good system here; only usable on request! sound system with Bluetooth and aux,,,,,,,,,,,,,
870,:Amenities,"Dedicated workspace: monitor, desk, and table",,,,,,,,,,,,,
871,:Amenities,Harman Kardon Bluetooth sound system,,,,,,,,,,,,,
872,:Amenities,"TV with Amazon Prime Video, Netflix, standard cable",,,,,,,,,,,,,
873,:Amenities,KRK  Bluetooth sound system,,,,,,,,,,,,,
874,:Amenities,"TV with Apple TV, Netflix, Chromecast, standard cable",,,,,,,,,,,,,
875,:Amenities,Dedicated workspace: table and monitor,,,,,,,,,,,,,
876,:Amenities,"Dedicated workspace: table, office chair, monitor, and desk",,,,,,,,,,,,,
877,:Amenities,Hotel Soap body soap,,,,,,,,,,,,,
878,:Amenities,diversen body soap,,,,,,,,,,,,,
879,:Amenities,LUXMAN Bluetooth sound system,,,,,,,,,,,,,
880,:Amenities,"Dedicated workspace: table, desk, and office chair",,,,,,,,,,,,,
881,:Amenities,Weleda or similar  shampoo,,,,,,,,,,,,,
882,:Amenities,Rich and Ecological Shower Gel body soap,,,,,,,,,,,,,
883,:Amenities,Private gym,,,,,,,,,,,,,
884,:Amenities,Sony (A Soundbar will be delivered on request) Bluetooth sound system,,,,,,,,,,,,,
885,:Amenities,The Spa collection body soap,,,,,,,,,,,,,
886,:Amenities,The Spa Collection shampoo,,,,,,,,,,,,,
887,:Amenities,The Spa Collection conditioner,,,,,,,,,,,,,
888,:Amenities,andrelon shampoo,,,,,,,,,,,,,
