,amenities,City,State,Country,price,property_type,room_type,accommodates,bathrooms,bedrooms,beds
Refrigerator,0.0,,,,,,,,,,
Paid parking off premises,1.0,,,,,,,,,,
Long term stays allowed,2.0,,,,,,,,,,
Paid washer – In unit,3.0,,,,,,,,,,
Lock on bedroom door,4.0,,,,,,,,,,
Heating,5.0,,,,,,,,,,
Drying rack for clothing,6.0,,,,,,,,,,
Hair dryer,7.0,,,,,,,,,,
Body soap,8.0,,,,,,,,,,
Room-darkening shades,9.0,,,,,,,,,,
Mini fridge,10.0,,,,,,,,,,
Shampoo,11.0,,,,,,,,,,
First aid kit,12.0,,,,,,,,,,
Clothing storage: wardrobe,13.0,,,,,,,,,,
Hot water,14.0,,,,,,,,,,
Laundromat nearby,15.0,,,,,,,,,,
Mosquito net,16.0,,,,,,,,,,
Portable fans,17.0,,,,,,,,,,
Hangers,18.0,,,,,,,,,,
Fire extinguisher,19.0,,,,,,,,,,
Extra pillows and blankets,20.0,,,,,,,,,,
Bed linens,21.0,,,,,,,,,,
Fast wifi – 52 Mbps,22.0,,,,,,,,,,
Coffee maker,23.0,,,,,,,,,,
Carbon monoxide alarm,24.0,,,,,,,,,,
Outdoor furniture,25.0,,,,,,,,,,
Host greets you,26.0,,,,,,,,,,
Shared fenced garden or backyard,27.0,,,,,,,,,,
Shower gel,28.0,,,,,,,,,,
Single level home,29.0,,,,,,,,,,
Smoke alarm,30.0,,,,,,,,,,
Iron,31.0,,,,,,,,,,
Private entrance,32.0,,,,,,,,,,
Essentials,33.0,,,,,,,,,,
Paid parking on premises,34.0,,,,,,,,,,
Cleaning products,35.0,,,,,,,,,,
Hot water kettle,36.0,,,,,,,,,,
Security cameras on property,37.0,,,,,,,,,,
Pour-over coffee,38.0,,,,,,,,,,
Dedicated workspace: table,39.0,,,,,,,,,,
Ethernet connection,40.0,,,,,,,,,,
TV,41.0,,,,,,,,,,
Wifi,42.0,,,,,,,,,,
Free street parking,43.0,,,,,,,,,,
Dedicated workspace,44.0,,,,,,,,,,
Smart lock,45.0,,,,,,,,,,
Dishes and silverware,46.0,,,,,,,,,,
Lake access,47.0,,,,,,,,,,
Outdoor dining area,48.0,,,,,,,,,,
Waterfront,49.0,,,,,,,,,,
Luggage dropoff allowed,50.0,,,,,,,,,,
Private patio or balcony,51.0,,,,,,,,,,
Breakfast,52.0,,,,,,,,,,
Dryer,53.0,,,,,,,,,,
Air conditioning,54.0,,,,,,,,,,
Dishwasher,55.0,,,,,,,,,,
Oven,56.0,,,,,,,,,,
Kitchen,57.0,,,,,,,,,,
Cable TV,58.0,,,,,,,,,,
Cooking basics,59.0,,,,,,,,,,
TV with standard cable,60.0,,,,,,,,,,
Microwave,61.0,,,,,,,,,,
Washer,62.0,,,,,,,,,,
Stove,63.0,,,,,,,,,,
Patio or balcony,64.0,,,,,,,,,,
Sound system,65.0,,,,,,,,,,
Piano,66.0,,,,,,,,,,
Cleaning before checkout,67.0,,,,,,,,,,
Wine glasses,68.0,,,,,,,,,,
Paid street parking off premises,69.0,,,,,,,,,,
Pack ’n play/Travel crib,70.0,,,,,,,,,,
Clothing storage: closet,71.0,,,,,,,,,,
Freezer,72.0,,,,,,,,,,
Conditioner,73.0,,,,,,,,,,
Dining table,74.0,,,,,,,,,,
Toaster,75.0,,,,,,,,,,
Marie Stella Maris shampoo,76.0,,,,,,,,,,
Marie Stella Maris conditioner,77.0,,,,,,,,,,
Clothing storage: closet and wardrobe,78.0,,,,,,,,,,
Bathtub,79.0,,,,,,,,,,
Nespresso machine,80.0,,,,,,,,,,
Board games,81.0,,,,,,,,,,
Bikes,82.0,,,,,,,,,,
Children’s dinnerware,83.0,,,,,,,,,,
High chair,84.0,,,,,,,,,,
Children’s books and toys,85.0,,,,,,,,,,
Central heating,86.0,,,,,,,,,,
Marie Stella Maris body soap,87.0,,,,,,,,,,
Crib,88.0,,,,,,,,,,
TV with Chromecast,89.0,,,,,,,,,,
Babysitter recommendations,90.0,,,,,,,,,,
JBL Bluetooth sound system,91.0,,,,,,,,,,
Fast wifi – 73 Mbps,92.0,,,,,,,,,,
Elevator,93.0,,,,,,,,,,
Clothing storage: dresser,94.0,,,,,,,,,,
EV charger,95.0,,,,,,,,,,
Lockbox,96.0,,,,,,,,,,
Pocket wifi,97.0,,,,,,,,,,
minifridge available on request refrigerator,98.0,,,,,,,,,,
Backyard,99.0,,,,,,,,,,
BBQ grill,100.0,,,,,,,,,,
Central air conditioning,101.0,,,,,,,,,,
Rice maker,102.0,,,,,,,,,,
Private fenced garden or backyard,103.0,,,,,,,,,,
Miele oven,104.0,,,,,,,,,,
Barbecue utensils,105.0,,,,,,,,,,
Hot tub,106.0,,,,,,,,,,
Clothing storage: dresser and closet,107.0,,,,,,,,,,
Bluetooth sound system,108.0,,,,,,,,,,
Fire pit,109.0,,,,,,,,,,
Baby safety gates,110.0,,,,,,,,,,
Baby bath,111.0,,,,,,,,,,
Window guards,112.0,,,,,,,,,,
"HDTV with Netflix, premium cable, standard cable",113.0,,,,,,,,,,
Keurig coffee machine,114.0,,,,,,,,,,
"Children’s books and toys for ages 0-2 years old, 2-5 years old, 5-10 years old, and 10+ years old",115.0,,,,,,,,,,
Free dryer – In unit,116.0,,,,,,,,,,
Safe,117.0,,,,,,,,,,
"Children’s books and toys for ages 0-2 years old, 2-5 years old, and 5-10 years old",118.0,,,,,,,,,,
Marie-Stella-Maris conditioner,119.0,,,,,,,,,,
"Clothing storage: dresser, closet, and wardrobe",120.0,,,,,,,,,,
Marie-Stella-Maris shampoo,121.0,,,,,,,,,,
Marie-Stella-Maris body soap,122.0,,,,,,,,,,
Outlet covers,123.0,,,,,,,,,,
Free parking on premises,124.0,,,,,,,,,,
Clothing storage: walk-in closet,125.0,,,,,,,,,,
Shared patio or balcony,126.0,,,,,,,,,,
Gas stove,127.0,,,,,,,,,,
Record player,128.0,,,,,,,,,,
Changing table,129.0,,,,,,,,,,
Sound system with aux,130.0,,,,,,,,,,
Game console,131.0,,,,,,,,,,
Ceiling fan,132.0,,,,,,,,,,
Baking sheet,133.0,,,,,,,,,,
Indoor fireplace,134.0,,,,,,,,,,
Boat slip,135.0,,,,,,,,,,
Building staff,136.0,,,,,,,,,,
Children’s books and toys for ages 5-10 years old and 10+ years old,137.0,,,,,,,,,,
"Dedicated workspace: office chair, monitor, and desk",138.0,,,,,,,,,,
Fast wifi – 78 Mbps,139.0,,,,,,,,,,
Free washer – In unit,140.0,,,,,,,,,,
HDTV,141.0,,,,,,,,,,
Liquid body wash body soap,142.0,,,,,,,,,,
Sonos Bluetooth sound system,143.0,,,,,,,,,,
Stainless steel oven,144.0,,,,,,,,,,
Dedicated workspace: office chair and desk,145.0,,,,,,,,,,
Clothing storage,146.0,,,,,,,,,,
Paid parking lot off premises,147.0,,,,,,,,,,
Stainless steel gas stove,148.0,,,,,,,,,,
Portable air conditioning,149.0,,,,,,,,,,
LG Bluetooth sound system,150.0,,,,,,,,,,
Sound system with Bluetooth and aux,151.0,,,,,,,,,,
Children’s books and toys for ages 2-5 years old and 5-10 years old,152.0,,,,,,,,,,
Bread maker,153.0,,,,,,,,,,
Keypad,154.0,,,,,,,,,,
Baby monitor,155.0,,,,,,,,,,
Wifi – 21 Mbps,156.0,,,,,,,,,,
Table corner guards,157.0,,,,,,,,,,
Gym,158.0,,,,,,,,,,
Beach essentials,159.0,,,,,,,,,,
Logitech soudbar sound system with Bluetooth and aux,160.0,,,,,,,,,,
Trash compactor,161.0,,,,,,,,,,
Clothing storage: wardrobe and closet,162.0,,,,,,,,,,
Outdoor shower,163.0,,,,,,,,,,
generic body soap,164.0,,,,,,,,,,
Electro Line refrigerator,165.0,,,,,,,,,,
HDTV with Chromecast,166.0,,,,,,,,,,
ARGON Bluetooth sound system,167.0,,,,,,,,,,
Game console: PS2,168.0,,,,,,,,,,
"Dedicated workspace: monitor, office chair, and desk",169.0,,,,,,,,,,
Rituals body soap,170.0,,,,,,,,,,
Rituals conditioner,171.0,,,,,,,,,,
Shared hot tub,172.0,,,,,,,,,,
Paid parking garage off premises,173.0,,,,,,,,,,
Dedicated workspace: office chair and table,174.0,,,,,,,,,,
- body soap,175.0,,,,,,,,,,
- conditioner,176.0,,,,,,,,,,
"32"" HDTV with premium cable",177.0,,,,,,,,,,
Indesit  refrigerator,178.0,,,,,,,,,,
Dedicated workspace: desk,179.0,,,,,,,,,,
Private garden or backyard,180.0,,,,,,,,,,
Window AC unit,181.0,,,,,,,,,,
Paid dryer – In unit,182.0,,,,,,,,,,
ecological soap body soap,183.0,,,,,,,,,,
Eco shampoo shampoo,184.0,,,,,,,,,,
andrelon conditioner,185.0,,,,,,,,,,
"Dedicated workspace: table, office chair, and desk",186.0,,,,,,,,,,
TV with Netflix,187.0,,,,,,,,,,
"TV with standard cable, Chromecast, premium cable",188.0,,,,,,,,,,
"TV with Netflix, premium cable",189.0,,,,,,,,,,
Andrelon conditioner,190.0,,,,,,,,,,
Dove body soap,191.0,,,,,,,,,,
organic soap body soap,192.0,,,,,,,,,,
organic shampoo shampoo,193.0,,,,,,,,,,
Free driveway parking on premises – 1 space,194.0,,,,,,,,,,
Beachfront,195.0,,,,,,,,,,
Bose sound system with Bluetooth and aux,196.0,,,,,,,,,,
Miele gas stove,197.0,,,,,,,,,,
Smeg stainless steel gas stove,198.0,,,,,,,,,,
tube amplifier sound system with Bluetooth and aux,199.0,,,,,,,,,,
Smeg stainless steel oven,200.0,,,,,,,,,,
Shared garden or backyard,201.0,,,,,,,,,,
Electric stove,202.0,,,,,,,,,,
whirlpool refrigerator,203.0,,,,,,,,,,
Washer – In unit,204.0,,,,,,,,,,
Dryer – In unit,205.0,,,,,,,,,,
Bluetooth Bluetooth sound system,206.0,,,,,,,,,,
Dedicated workspace: table and desk,207.0,,,,,,,,,,
"Clothing storage: wardrobe, closet, and dresser",208.0,,,,,,,,,,
Paid parking garage on premises – 1 space,209.0,,,,,,,,,,
Fast wifi – 279 Mbps,210.0,,,,,,,,,,
inventum stainless steel oven,211.0,,,,,,,,,,
aeg induction stove,212.0,,,,,,,,,,
LG refrigerator,213.0,,,,,,,,,,
SMEG stainless steel oven,214.0,,,,,,,,,,
SMEG stainless steel gas stove,215.0,,,,,,,,,,
"TV with standard cable, Apple TV, Netflix, premium cable",216.0,,,,,,,,,,
Marley Get Together  sound system with Bluetooth and aux,217.0,,,,,,,,,,
Game console: PS4,218.0,,,,,,,,,,
Fireplace guards,219.0,,,,,,,,,,
eco soap body soap,220.0,,,,,,,,,,
Paid parking lot on premises,221.0,,,,,,,,,,
You may store small things in the owner's fridge. refrigerator,222.0,,,,,,,,,,
Portable heater,223.0,,,,,,,,,,
Private hot tub,224.0,,,,,,,,,,
Several different types body soap,225.0,,,,,,,,,,
JBL Bluetooth speaker Bluetooth sound system,226.0,,,,,,,,,,
Pool,227.0,,,,,,,,,,
Induction stove,228.0,,,,,,,,,,
Sonos sound system,229.0,,,,,,,,,,
Game console: PS3 and PS4,230.0,,,,,,,,,,
Free dryer,231.0,,,,,,,,,,
HDTV with standard cable,232.0,,,,,,,,,,
"Clothing storage: closet, wardrobe, and dresser",233.0,,,,,,,,,,
Ikea refrigerator,234.0,,,,,,,,,,
"TV with standard cable, premium cable",235.0,,,,,,,,,,
"Dedicated workspace: desk, office chair, and monitor",236.0,,,,,,,,,,
Children’s books and toys for ages 0-2 years old and 2-5 years old,237.0,,,,,,,,,,
Kayak,238.0,,,,,,,,,,
"42"" TV with Netflix, standard cable",239.0,,,,,,,,,,
"42"" HDTV with Netflix, Apple TV, premium cable",240.0,,,,,,,,,,
all kinds of conditioners conditioner,241.0,,,,,,,,,,
all kinds of soap body soap,242.0,,,,,,,,,,
Marantz sound system with aux,243.0,,,,,,,,,,
Microwave also has a hot air oven function. oven,244.0,,,,,,,,,,
Free washer – In building,245.0,,,,,,,,,,
Dedicated workspace: table and office chair,246.0,,,,,,,,,,
. body soap,247.0,,,,,,,,,,
Clothing storage: closet and dresser,248.0,,,,,,,,,,
Pool table,249.0,,,,,,,,,,
mini fridge available on request refrigerator,250.0,,,,,,,,,,
sony sound system with Bluetooth and aux,251.0,,,,,,,,,,
Paid parking garage on premises,252.0,,,,,,,,,,
"Children’s books and toys for ages 2-5 years old, 5-10 years old, and 10+ years old",253.0,,,,,,,,,,
"HDTV with Netflix, standard cable",254.0,,,,,,,,,,
Dedicated workspace: desk and table,255.0,,,,,,,,,,
logitech  sound system,256.0,,,,,,,,,,
Paid valet parking on premises,257.0,,,,,,,,,,
Shared pool,258.0,,,,,,,,,,
Marie Stella Maris luxury brand conditioner,259.0,,,,,,,,,,
Marie Stella Maris luxury brand body soap,260.0,,,,,,,,,,
"Retro stereo with Digitial radio, CD,  bluetooth connection for you to connect your Spotify sound system with Bluetooth and aux",261.0,,,,,,,,,,
Bosch refrigerator,262.0,,,,,,,,,,
Extra large chef stove with 6 burners stainless steel gas stove,263.0,,,,,,,,,,
Marie Stella Maris luxury brand shampoo,264.0,,,,,,,,,,
Hotel chef oven stainless steel oven,265.0,,,,,,,,,,
ATAG oven,266.0,,,,,,,,,,
Paid parking lot on premises – 10 spaces,267.0,,,,,,,,,,
n.vt. conditioner,268.0,,,,,,,,,,
LUX body soap,269.0,,,,,,,,,,
Private pool,270.0,,,,,,,,,,
DENON - BOSE sound system,271.0,,,,,,,,,,
Fast wifi – 115 Mbps,272.0,,,,,,,,,,
"55"" HDTV with Netflix, premium cable",273.0,,,,,,,,,,
normal body soap,274.0,,,,,,,,,,
"55"" HDTV with HBO Max, standard cable, premium cable",275.0,,,,,,,,,,
"HDTV with Chromecast, Netflix, standard cable",276.0,,,,,,,,,,
Brandless body soap,277.0,,,,,,,,,,
Several brands conditioner,278.0,,,,,,,,,,
Ping pong table,279.0,,,,,,,,,,
Dryer – In building,280.0,,,,,,,,,,
Washer – In building,281.0,,,,,,,,,,
unicura or dettol body soap,282.0,,,,,,,,,,
Clothing storage: dresser and wardrobe,283.0,,,,,,,,,,
Clothing storage: closet and walk-in closet,284.0,,,,,,,,,,
sonos sound system,285.0,,,,,,,,,,
Kupperbusch refrigerator,286.0,,,,,,,,,,
"Weleda, Rituals body soap",287.0,,,,,,,,,,
Aveda conditioner,288.0,,,,,,,,,,
Kupperbusch oven,289.0,,,,,,,,,,
"30"" TV with standard cable",290.0,,,,,,,,,,
Guhl conditioner,291.0,,,,,,,,,,
Radiant heating,292.0,,,,,,,,,,
Khiels body soap,293.0,,,,,,,,,,
any body soap,294.0,,,,,,,,,,
any conditioner,295.0,,,,,,,,,,
Game console: PS3,296.0,,,,,,,,,,
Wifi – 18 Mbps,297.0,,,,,,,,,,
"60"" HDTV with standard cable, Amazon Prime Video, Apple TV, Netflix",298.0,,,,,,,,,,
Siemens (high end) stainless steel oven,299.0,,,,,,,,,,
Game console: Nintendo Wii U and PS4,300.0,,,,,,,,,,
L'oreal conditioner,301.0,,,,,,,,,,
Sanex body soap,302.0,,,,,,,,,,
Marshall sound system with Bluetooth and aux,303.0,,,,,,,,,,
Fast wifi – 100 Mbps,304.0,,,,,,,,,,
Fast wifi – 302 Mbps,305.0,,,,,,,,,,
Free dryer – In building,306.0,,,,,,,,,,
Syoss shampoo,307.0,,,,,,,,,,
Liebherr refrigerator,308.0,,,,,,,,,,
Fast wifi – 90 Mbps,309.0,,,,,,,,,,
Nivea showercreme body soap,310.0,,,,,,,,,,
"Dedicated workspace: monitor, office chair, table, and desk",311.0,,,,,,,,,,
"Dedicated workspace: office chair, table, monitor, and desk",312.0,,,,,,,,,,
Unicura anti bacterial soap body soap,313.0,,,,,,,,,,
Smeg refrigerator,314.0,,,,,,,,,,
"TV with Apple TV, Netflix, standard cable",315.0,,,,,,,,,,
* Use 'Liebherr' fridge in kitchen. * I wash the dishes. refrigerator,316.0,,,,,,,,,,
Paid washer – In building,317.0,,,,,,,,,,
Paid dryer – In building,318.0,,,,,,,,,,
Verschillende merken.  body soap,319.0,,,,,,,,,,
Dove shampoo,320.0,,,,,,,,,,
Free driveway parking on premises – 2 spaces,321.0,,,,,,,,,,
Samsung oven,322.0,,,,,,,,,,
HDTV with Netflix,323.0,,,,,,,,,,
"Dedicated workspace: table, desk, monitor, and office chair",324.0,,,,,,,,,,
Etna oven,325.0,,,,,,,,,,
Zanussi refrigerator,326.0,,,,,,,,,,
Philips sound system with aux,327.0,,,,,,,,,,
"Dedicated workspace: desk, table, and monitor",328.0,,,,,,,,,,
Shared outdoor pool,329.0,,,,,,,,,,
Game console: Nintendo Switch,330.0,,,,,,,,,,
Clothing storage: wardrobe and dresser,331.0,,,,,,,,,,
Private sauna,332.0,,,,,,,,,,
"Dedicated workspace: office chair, table, desk, and monitor",333.0,,,,,,,,,,
"TV with standard cable, Netflix",334.0,,,,,,,,,,
Wifi – 37 Mbps,335.0,,,,,,,,,,
Fenced garden or backyard,336.0,,,,,,,,,,
Dove  body soap,337.0,,,,,,,,,,
Game console: Nintendo Wii,338.0,,,,,,,,,,
"HDTV with standard cable, Amazon Prime Video, Netflix, premium cable",339.0,,,,,,,,,,
SONOS sound system,340.0,,,,,,,,,,
"Dedicated workspace: desk, table, monitor, and office chair",341.0,,,,,,,,,,
"42"" HDTV with premium cable",342.0,,,,,,,,,,
Various shampoo,343.0,,,,,,,,,,
Various body soap,344.0,,,,,,,,,,
Zepplin Bluetooth sound system,345.0,,,,,,,,,,
Bio body soap,346.0,,,,,,,,,,
Orofluido conditioner,347.0,,,,,,,,,,
Samsung refrigerator,348.0,,,,,,,,,,
Orofluido shampoo,349.0,,,,,,,,,,
house body soap,350.0,,,,,,,,,,
"32"" TV with standard cable",351.0,,,,,,,,,,
Philips SoundBar sound system with aux,352.0,,,,,,,,,,
"42"" HDTV with Netflix, Amazon Prime Video, Apple TV",353.0,,,,,,,,,,
Normal body soap,354.0,,,,,,,,,,
"47"" HDTV with standard cable",355.0,,,,,,,,,,
"50"" HDTV with Chromecast",356.0,,,,,,,,,,
"HDTV with standard cable, Amazon Prime Video, Apple TV, Netflix",357.0,,,,,,,,,,
"77"" HDTV with Amazon Prime Video, Apple TV, Chromecast, HBO Max, Netflix, premium cable, standard cable",358.0,,,,,,,,,,
Wifi – 23 Mbps,359.0,,,,,,,,,,
Dove conditioner,360.0,,,,,,,,,,
"75"" HDTV with standard cable, Chromecast, Netflix, Apple TV",361.0,,,,,,,,,,
Denon sound system with Bluetooth and aux,362.0,,,,,,,,,,
Fast wifi – 74 Mbps,363.0,,,,,,,,,,
"HDTV with standard cable, Amazon Prime Video, Chromecast, Netflix",364.0,,,,,,,,,,
SIEMENS refrigerator,365.0,,,,,,,,,,
Samsung (TV) Bluetooth sound system,366.0,,,,,,,,,,
"65"" HDTV with Amazon Prime Video, Netflix, premium cable, standard cable",367.0,,,,,,,,,,
"Dedicated workspace: office chair, desk, table, and monitor",368.0,,,,,,,,,,
SMEG stainless steel stove,369.0,,,,,,,,,,
"Dedicated workspace: table, monitor, and office chair",370.0,,,,,,,,,,
Sonos  sound system,371.0,,,,,,,,,,
Whirlpool  induction stove,372.0,,,,,,,,,,
Regular body soap,373.0,,,,,,,,,,
Siemens  oven,374.0,,,,,,,,,,
QUAD 33/303 - Diapason Micra - Macbook+Spotify Pro sound system with Bluetooth and aux,375.0,,,,,,,,,,
Ski-in/Ski-out,376.0,,,,,,,,,,
Fast wifi – 433 Mbps,377.0,,,,,,,,,,
various body soap,378.0,,,,,,,,,,
Siemens induction stove,379.0,,,,,,,,,,
"44"" HDTV with Amazon Prime Video, Netflix, premium cable, standard cable",380.0,,,,,,,,,,
Sonos sound system with aux,381.0,,,,,,,,,,
sonos Bluetooth sound system,382.0,,,,,,,,,,
Dedicated workspace: desk and office chair,383.0,,,,,,,,,,
Fast wifi – 104 Mbps,384.0,,,,,,,,,,
Children’s books and toys for ages 0-2 years old,385.0,,,,,,,,,,
"Dedicated workspace: monitor, desk, and office chair",386.0,,,,,,,,,,
Stainless steel induction stove,387.0,,,,,,,,,,
Bose sound system with aux,388.0,,,,,,,,,,
??? conditioner,389.0,,,,,,,,,,
Stainless steel stove,390.0,,,,,,,,,,
Tafelmode refrigerator,391.0,,,,,,,,,,
"HDTV with standard cable, Netflix",392.0,,,,,,,,,,
SMeg refrigerator,393.0,,,,,,,,,,
Bio conditioner,394.0,,,,,,,,,,
Bio shampoo,395.0,,,,,,,,,,
"50"" HDTV with Netflix, premium cable, standard cable",396.0,,,,,,,,,,
"Dedicated workspace: office chair, table, and desk",397.0,,,,,,,,,,
Bose Bluetooth sound system,398.0,,,,,,,,,,
BlueNode & B&W sound system with Bluetooth and aux,399.0,,,,,,,,,,
Love Beauty and Planet (vegan) conditioner,400.0,,,,,,,,,,
Love Beauty and Planet (vegan) body soap,401.0,,,,,,,,,,
Love Beauty and Planet ( vegan)  shampoo,402.0,,,,,,,,,,
Bose  Bluetooth sound system,403.0,,,,,,,,,,
"35"" HDTV with Apple TV",404.0,,,,,,,,,,
"42"" HDTV with Chromecast",405.0,,,,,,,,,,
Diverse merken body soap,406.0,,,,,,,,,,
Eco-friendly body soap,407.0,,,,,,,,,,
Eco-friendly shampoo,408.0,,,,,,,,,,
Yoy can connect via bluetooth to our Marantz to listen to your own music Bluetooth sound system,409.0,,,,,,,,,,
"Clothing storage: closet, wardrobe, and walk-in closet",410.0,,,,,,,,,,
L’Oréal Elvive conditioner,411.0,,,,,,,,,,
"48"" TV with Netflix, premium cable, standard cable",412.0,,,,,,,,,,
Whirlpool  stainless steel oven,413.0,,,,,,,,,,
Zwitsal wash-gel body soap,414.0,,,,,,,,,,
L’Oréal Elvive shampoo,415.0,,,,,,,,,,
Mostly supermarket shower gel body soap,416.0,,,,,,,,,,
Mostly supermarket shampoo shampoo,417.0,,,,,,,,,,
"TV with Netflix, standard cable",418.0,,,,,,,,,,
Mostly supermarket conditioner conditioner,419.0,,,,,,,,,,
"Clothing storage: closet, dresser, and wardrobe",420.0,,,,,,,,,,
"TV with Netflix, Amazon Prime Video, Apple TV",421.0,,,,,,,,,,
Bidet,422.0,,,,,,,,,,
Fast wifi – 51 Mbps,423.0,,,,,,,,,,
Fast wifi – 394 Mbps,424.0,,,,,,,,,,
Nivea conditioner,425.0,,,,,,,,,,
Nivea body soap,426.0,,,,,,,,,,
Private gym in building,427.0,,,,,,,,,,
"Dedicated workspace: desk, office chair, table, and monitor",428.0,,,,,,,,,,
Fast wifi – 489 Mbps,429.0,,,,,,,,,,
Fast wifi – 196 Mbps,430.0,,,,,,,,,,
Game console: Xbox One,431.0,,,,,,,,,,
Free carport on premises – 1 space,432.0,,,,,,,,,,
"HDTV with Amazon Prime Video, Apple TV, Netflix",433.0,,,,,,,,,,
"TV with standard cable, Netflix, Chromecast",434.0,,,,,,,,,,
Etos conditioner,435.0,,,,,,,,,,
Etos body soap,436.0,,,,,,,,,,
Children’s books and toys for ages 5-10 years old,437.0,,,,,,,,,,
AESOP body soap,438.0,,,,,,,,,,
KEF Bluetooth sound system,439.0,,,,,,,,,,
Children’s books and toys for ages 2-5 years old and 10+ years old,440.0,,,,,,,,,,
Fast wifi – 95 Mbps,441.0,,,,,,,,,,
"TV with Amazon Prime Video, Netflix",442.0,,,,,,,,,,
JBL Speakers Bluetooth sound system,443.0,,,,,,,,,,
Marants sound system,444.0,,,,,,,,,,
Meraki shampoo,445.0,,,,,,,,,,
Meraki body soap,446.0,,,,,,,,,,
"TV with Netflix, Chromecast",447.0,,,,,,,,,,
Meraki conditioner,448.0,,,,,,,,,,
"52"" HDTV with Amazon Prime Video, Netflix, Chromecast",449.0,,,,,,,,,,
Sonos (connect with wifi) sound system,450.0,,,,,,,,,,
TV with premium cable,451.0,,,,,,,,,,
"28"" HDTV with Netflix",452.0,,,,,,,,,,
No special brand conditioner,453.0,,,,,,,,,,
No special brand body soap,454.0,,,,,,,,,,
No special brand shampoo,455.0,,,,,,,,,,
Mini fridge refrigerator,456.0,,,,,,,,,,
Savoire Fair shampoo,457.0,,,,,,,,,,
Savoire Fair body soap,458.0,,,,,,,,,,
"40"" HDTV with Netflix, premium cable, standard cable",459.0,,,,,,,,,,
Savoir-Faire body soap,460.0,,,,,,,,,,
Savoir-Faire shampoo,461.0,,,,,,,,,,
"36"" HDTV with Chromecast, Netflix, standard cable",462.0,,,,,,,,,,
"Dedicated workspace: office chair, desk, and table",463.0,,,,,,,,,,
"Dedicated workspace: monitor, office chair, desk, and table",464.0,,,,,,,,,,
Organic body soap,465.0,,,,,,,,,,
Muuso Bluetooth sound system,466.0,,,,,,,,,,
Wifi – 43 Mbps,467.0,,,,,,,,,,
Hotel body soap,468.0,,,,,,,,,,
Hotel conditioner,469.0,,,,,,,,,,
"53"" HDTV with Netflix",470.0,,,,,,,,,,
"Dedicated workspace: office chair, monitor, table, and desk",471.0,,,,,,,,,,
Fast wifi – 94 Mbps,472.0,,,,,,,,,,
Dutch originals sound system with Bluetooth and aux,473.0,,,,,,,,,,
jbl Bluetooth sound system,474.0,,,,,,,,,,
Andrelon  conditioner,475.0,,,,,,,,,,
Dedicated workspace: monitor,476.0,,,,,,,,,,
"HDTV with Netflix, Amazon Prime Video, premium cable, standard cable",477.0,,,,,,,,,,
Sonos One sound system,478.0,,,,,,,,,,
"TV with premium cable, standard cable",479.0,,,,,,,,,,
sony Bluetooth sound system,480.0,,,,,,,,,,
Marie stella maris body soap,481.0,,,,,,,,,,
Marie stella maris conditioner,482.0,,,,,,,,,,
Gym nearby,483.0,,,,,,,,,,
inductie kookplaat induction stove,484.0,,,,,,,,,,
natuurlijke conditioner conditioner,485.0,,,,,,,,,,
natuurlijke shampoo shampoo,486.0,,,,,,,,,,
natuurlijke zeep body soap,487.0,,,,,,,,,,
Essentials body soap,488.0,,,,,,,,,,
HDTV with premium cable,489.0,,,,,,,,,,
"Clothing storage: closet, walk-in closet, and wardrobe",490.0,,,,,,,,,,
"32"" TV with Chromecast",491.0,,,,,,,,,,
"42"" HDTV with Chromecast, Netflix",492.0,,,,,,,,,,
Miele stainless steel oven,493.0,,,,,,,,,,
Atag  induction stove,494.0,,,,,,,,,,
"HDTV with Amazon Prime Video, Netflix",495.0,,,,,,,,,,
Bosch Single Oven Fan Assist oven,496.0,,,,,,,,,,
Marie Stella Maris of Amsterdam shampoo,497.0,,,,,,,,,,
Bosch Four Ring  induction stove,498.0,,,,,,,,,,
"55"" HDTV with premium cable",499.0,,,,,,,,,,
Sonos  Bluetooth sound system,500.0,,,,,,,,,,
Fast wifi – 390 Mbps,501.0,,,,,,,,,,
Bosch Built in Fridge Freezer refrigerator,502.0,,,,,,,,,,
Marie Stella Maris of Amsterdam body soap,503.0,,,,,,,,,,
Marie Stella Maris of Amsterdam  conditioner,504.0,,,,,,,,,,
Wakkerstraat  body soap,505.0,,,,,,,,,,
Samsung  refrigerator,506.0,,,,,,,,,,
Ecover body soap,507.0,,,,,,,,,,
Hema shampoo,508.0,,,,,,,,,,
Sonos sound system with Bluetooth and aux,509.0,,,,,,,,,,
"Nivea, Fa, Dove, or something similar conditioner",510.0,,,,,,,,,,
Fa Dove Nivea or something similar body soap,511.0,,,,,,,,,,
"HDTV with standard cable, Amazon Prime Video, Netflix, Chromecast, premium cable",512.0,,,,,,,,,,
Siemens en Bosch refrigerator,513.0,,,,,,,,,,
Marie Stella Marris conditioner,514.0,,,,,,,,,,
Marshall Bluetooth sound system,515.0,,,,,,,,,,
Game console: PS5,516.0,,,,,,,,,,
"HDTV with Chromecast, Netflix",517.0,,,,,,,,,,
"Dedicated workspace: desk, table, and office chair",518.0,,,,,,,,,,
"Dedicated workspace: table, monitor, desk, and office chair",519.0,,,,,,,,,,
standard body soap,520.0,,,,,,,,,,
"Siemens, twee ovens. Stoom oven en hetelucht oven.  stainless steel oven",521.0,,,,,,,,,,
"TV with Netflix, premium cable, standard cable",522.0,,,,,,,,,,
Siemens refrigerator,523.0,,,,,,,,,,
cd player & radio sound system,524.0,,,,,,,,,,
Free washer,525.0,,,,,,,,,,
Philips Fidelio sound system with Bluetooth and aux,526.0,,,,,,,,,,
just a bar of regular soap body soap,527.0,,,,,,,,,,
"36"" HDTV with Amazon Prime Video, Apple TV, Netflix",528.0,,,,,,,,,,
just a fridge refrigerator,529.0,,,,,,,,,,
TV with Apple TV,530.0,,,,,,,,,,
"Dedicated workspace: office chair, desk, and monitor",531.0,,,,,,,,,,
Organic shampoo shampoo,532.0,,,,,,,,,,
Organic soap body soap,533.0,,,,,,,,,,
Fast wifi – 183 Mbps,534.0,,,,,,,,,,
"45"" HDTV with Netflix, standard cable",535.0,,,,,,,,,,
"TV with Apple TV, premium cable, Chromecast, Netflix",536.0,,,,,,,,,,
Free parking on premises – 1 space,537.0,,,,,,,,,,
"Clothing storage: dresser, closet, wardrobe, and walk-in closet",538.0,,,,,,,,,,
Organic  body soap,539.0,,,,,,,,,,
Organic  conditioner,540.0,,,,,,,,,,
"Dedicated workspace: table, desk, office chair, and monitor",541.0,,,,,,,,,,
Handzeep body soap,542.0,,,,,,,,,,
Fast wifi – 102 Mbps,543.0,,,,,,,,,,
Fast wifi – 422 Mbps,544.0,,,,,,,,,,
Bluetooth: ENEBY30 Bluetooth sound system,545.0,,,,,,,,,,
Hema body soap,546.0,,,,,,,,,,
Hema conditioner,547.0,,,,,,,,,,
"HDTV with standard cable, Amazon Prime Video, Netflix, Chromecast, Apple TV",548.0,,,,,,,,,,
Spa Collection body soap,549.0,,,,,,,,,,
Spa Collection shampoo,550.0,,,,,,,,,,
whatever body soap,551.0,,,,,,,,,,
ice cold refrigerator,552.0,,,,,,,,,,
eco body soap,553.0,,,,,,,,,,
eco weleda conditioner,554.0,,,,,,,,,,
eco weleda shampoo,555.0,,,,,,,,,,
"Dedicated workspace: table, monitor, office chair, and desk",556.0,,,,,,,,,,
"65"" HDTV with Chromecast, Netflix",557.0,,,,,,,,,,
BOSE sound system with Bluetooth and aux,558.0,,,,,,,,,,
vloeibare handzeep body soap,559.0,,,,,,,,,,
"32"" HDTV with Chromecast, Netflix, premium cable, standard cable",560.0,,,,,,,,,,
VEHO wifi sound system sound system with Bluetooth and aux,561.0,,,,,,,,,,
Elvive conditioner,562.0,,,,,,,,,,
"Dedicated workspace: desk, office chair, and table",563.0,,,,,,,,,,
Different brands body soap,564.0,,,,,,,,,,
Smeg gas stove,565.0,,,,,,,,,,
L oreal conditioner,566.0,,,,,,,,,,
Fragonnard  body soap,567.0,,,,,,,,,,
Sony Speakers connected to record player  sound system with aux,568.0,,,,,,,,,,
Children’s books and toys for ages 10+ years old,569.0,,,,,,,,,,
"HDTV with Netflix, standard cable, Chromecast",570.0,,,,,,,,,,
Fast wifi – 142 Mbps,571.0,,,,,,,,,,
"Clothing storage: dresser, wardrobe, and closet",572.0,,,,,,,,,,
Fast wifi – 112 Mbps,573.0,,,,,,,,,,
good sound - connect with Spotifypremium Bluetooth sound system,574.0,,,,,,,,,,
combimagnetron stainless steel oven,575.0,,,,,,,,,,
hema body soap,576.0,,,,,,,,,,
tafelmodel refrigerator,577.0,,,,,,,,,,
Private outdoor heated pool,578.0,,,,,,,,,,
. conditioner,579.0,,,,,,,,,,
Rituals shampoo,580.0,,,,,,,,,,
"TV with Chromecast, Netflix",581.0,,,,,,,,,,
various brands body soap,582.0,,,,,,,,,,
Devon sound system with Bluetooth and aux,583.0,,,,,,,,,,
Shared gym in building,584.0,,,,,,,,,,
Shared sauna,585.0,,,,,,,,,,
"55"" TV with Chromecast, Netflix, standard cable",586.0,,,,,,,,,,
Fast wifi – 79 Mbps,587.0,,,,,,,,,,
Fast wifi – 69 Mbps,588.0,,,,,,,,,,
"Dedicated workspace: monitor, office chair, and table",589.0,,,,,,,,,,
z body soap,590.0,,,,,,,,,,
Game console: Xbox 360,591.0,,,,,,,,,,
AESOP conditioner,592.0,,,,,,,,,,
"HDTV with Netflix, standard cable, Apple TV",593.0,,,,,,,,,,
dove body soap,594.0,,,,,,,,,,
Dove or Baby shampoo shampoo,595.0,,,,,,,,,,
Free parking garage on premises,596.0,,,,,,,,,,
Samsung American Fridge refrigerator,597.0,,,,,,,,,,
Harman Kardon sound system with Bluetooth and aux,598.0,,,,,,,,,,
"65"" HDTV with Netflix, premium cable",599.0,,,,,,,,,,
"48"" HDTV with standard cable",600.0,,,,,,,,,,
"55"" HDTV with Apple TV, Chromecast, Netflix, standard cable",601.0,,,,,,,,,,
"Rituals, organic/lush body soap",602.0,,,,,,,,,,
House of Marley sound system with Bluetooth and aux,603.0,,,,,,,,,,
"HDTV with Netflix, Amazon Prime Video, standard cable, premium cable",604.0,,,,,,,,,,
Fast wifi – 64 Mbps,605.0,,,,,,,,,,
Cambridge audio sound system with aux,606.0,,,,,,,,,,
"180"" TV with Amazon Prime Video, Apple TV, Netflix",607.0,,,,,,,,,,
Denon Bluetooth sound system,608.0,,,,,,,,,,
"40"" HDTV with Netflix",609.0,,,,,,,,,,
Wifi – 22 Mbps,610.0,,,,,,,,,,
"TV with Apple TV, Chromecast, Netflix",611.0,,,,,,,,,,
JBL sound system,612.0,,,,,,,,,,
Samsung Bespoke refrigerator,613.0,,,,,,,,,,
Miele refrigerator,614.0,,,,,,,,,,
Children’s books and toys for ages 2-5 years old,615.0,,,,,,,,,,
"42"" HDTV with Amazon Prime Video, Netflix, standard cable",616.0,,,,,,,,,,
"57"" TV with Apple TV, Netflix, premium cable, standard cable",617.0,,,,,,,,,,
NAD sound system with Bluetooth and aux,618.0,,,,,,,,,,
Wifi – 20 Mbps,619.0,,,,,,,,,,
Paid washer,620.0,,,,,,,,,,
Paid dryer,621.0,,,,,,,,,,
Bosch oven,622.0,,,,,,,,,,
Bosch induction stove,623.0,,,,,,,,,,
"32"" HDTV with Apple TV, Netflix, premium cable",624.0,,,,,,,,,,
Bang & Olufsen sound system,625.0,,,,,,,,,,
"HDTV with Chromecast, Netflix, premium cable, standard cable",626.0,,,,,,,,,,
"43"" HDTV with standard cable",627.0,,,,,,,,,,
Paid parking garage on premises – 2 spaces,628.0,,,,,,,,,,
Aēsop & Marie-Stella-Maris body soap,629.0,,,,,,,,,,
"32"" HDTV with Chromecast, Netflix, standard cable",630.0,,,,,,,,,,
Game console: Nintendo Wii U,631.0,,,,,,,,,,
Whirlpool refrigerator,632.0,,,,,,,,,,
Paid parking lot on premises – 50 spaces,633.0,,,,,,,,,,
Greenchoice body soap,634.0,,,,,,,,,,
Clothing storage: dresser and walk-in closet,635.0,,,,,,,,,,
Andrelon shampoo,636.0,,,,,,,,,,
House brand conditioner,637.0,,,,,,,,,,
Siemens stainless steel electric stove,638.0,,,,,,,,,,
Siemens stainless steel oven,639.0,,,,,,,,,,
House brand body soap,640.0,,,,,,,,,,
"HDTV with Netflix, premium cable",641.0,,,,,,,,,,
"HDTV with Chromecast, standard cable",642.0,,,,,,,,,,
Free residential garage on premises,643.0,,,,,,,,,,
AudioPro sound system with Bluetooth and aux,644.0,,,,,,,,,,
Bose sound system,645.0,,,,,,,,,,
"48"" HDTV with standard cable, premium cable, Netflix, Chromecast",646.0,,,,,,,,,,
Fast wifi – 280 Mbps,647.0,,,,,,,,,,
"HDTV with Chromecast, premium cable",648.0,,,,,,,,,,
"43"" HDTV with Chromecast, Netflix, standard cable",649.0,,,,,,,,,,
"Clothing storage: wardrobe, dresser, and closet",650.0,,,,,,,,,,
Siemens oven,651.0,,,,,,,,,,
Siemsens Inductie electric stove,652.0,,,,,,,,,,
Smegg refrigerator,653.0,,,,,,,,,,
Fast wifi – 287 Mbps,654.0,,,,,,,,,,
Fast wifi – 303 Mbps,655.0,,,,,,,,,,
Fast wifi – 185 Mbps,656.0,,,,,,,,,,
"Clothing storage: wardrobe, walk-in closet, and closet",657.0,,,,,,,,,,
Liebherr  refrigerator,658.0,,,,,,,,,,
"HDTV with Chromecast, Netflix, Apple TV",659.0,,,,,,,,,,
Marantz Surround Sound Receiver KEF 5.1 speaker system sound system with Bluetooth and aux,660.0,,,,,,,,,,
"Clothing storage: closet, walk-in closet, and dresser",661.0,,,,,,,,,,
Electrolux refrigerator,662.0,,,,,,,,,,
Ikea stainless steel oven,663.0,,,,,,,,,,
Google Bluetooth sound system,664.0,,,,,,,,,,
Ikea induction stove,665.0,,,,,,,,,,
O body soap,666.0,,,,,,,,,,
O shampoo,667.0,,,,,,,,,,
Palmolive body soap,668.0,,,,,,,,,,
Naamloos conditioner,669.0,,,,,,,,,,
Private outdoor pool,670.0,,,,,,,,,,
Marie Stella Maris  conditioner,671.0,,,,,,,,,,
Limited housekeeping — ,672.0,,,,,,,,,,
Laundry services,673.0,,,,,,,,,,
Bike rental — €13 per person per day,674.0,,,,,,,,,,
Game room,675.0,,,,,,,,,,
Onsite bar,676.0,,,,,,,,,,
Self-parking — €10/day,677.0,,,,,,,,,,
Free wifi,678.0,,,,,,,,,,
 linens,679.0,,,,,,,,,,
Pets allowed,680.0,,,,,,,,,,
Bed sheets and pillows,681.0,,,,,,,,,,
Complimentary continental breakfast,682.0,,,,,,,,,,
Toiletries,683.0,,,,,,,,,,
Housekeeping,684.0,,,,,,,,,,
Valet parking — €35/day,685.0,,,,,,,,,,
Continental breakfast available — €13 per person per day,686.0,,,,,,,,,,
Dedicated workspace: office chair,687.0,,,,,,,,,,
Free parking garage on premises – 1 space,688.0,,,,,,,,,,
Paid parking garage on premises – 60 spaces,689.0,,,,,,,,,,
I love Eco Essentials body soap,690.0,,,,,,,,,,
Concierge,691.0,,,,,,,,,,
Airport shuttle,692.0,,,,,,,,,,
Bike rental — €12/day,693.0,,,,,,,,,,
Minibar,694.0,,,,,,,,,,
L'Occitane toiletries,695.0,,,,,,,,,,
Fitness center,696.0,,,,,,,,,,
Room service,697.0,,,,,,,,,,
Self-parking — €35/day,698.0,,,,,,,,,,
"50"" TV",699.0,,,,,,,,,,
Complimentary breakfast,700.0,,,,,,,,,,
Zanussi stainless steel oven,701.0,,,,,,,,,,
Fast wifi – 72 Mbps,702.0,,,,,,,,,,
Fast wifi – 365 Mbps,703.0,,,,,,,,,,
bora induction stove,704.0,,,,,,,,,,
gaggenau stainless steel oven,705.0,,,,,,,,,,
siemens refrigerator,706.0,,,,,,,,,,
"32"" HDTV with standard cable",707.0,,,,,,,,,,
Free driveway parking on premises,708.0,,,,,,,,,,
Rituals  shampoo,709.0,,,,,,,,,,
"HDTV with standard cable, premium cable, Netflix",710.0,,,,,,,,,,
Rituals  body soap,711.0,,,,,,,,,,
IloveEcoEssentials body soap,712.0,,,,,,,,,,
"HDTV with Amazon Prime Video, Netflix, Roku",713.0,,,,,,,,,,
Radio sound system,714.0,,,,,,,,,,
Several  body soap,715.0,,,,,,,,,,
Nvt refrigerator,716.0,,,,,,,,,,
"TV with Netflix, HBO Max, Chromecast, premium cable",717.0,,,,,,,,,,
Breakfast buffet available — €15 per person per day,718.0,,,,,,,,,,
 toiletries,719.0,,,,,,,,,,
AEG refrigerator,720.0,,,,,,,,,,
Tefal stainless steel oven,721.0,,,,,,,,,,
Bottled water,722.0,,,,,,,,,,
Turndown service,723.0,,,,,,,,,,
Complimentary self parking,724.0,,,,,,,,,,
Bluetooth speaker,725.0,,,,,,,,,,
Restaurant,726.0,,,,,,,,,,
Bathrobes,727.0,,,,,,,,,,
Breakfast buffet available for a fee,728.0,,,,,,,,,,
"Dedicated workspace: desk, office chair, monitor, and table",729.0,,,,,,,,,,
Rangemaster oven,730.0,,,,,,,,,,
Rangemaster gas stove,731.0,,,,,,,,,,
Smeg  oven,732.0,,,,,,,,,,
Aussie shampoo,733.0,,,,,,,,,,
Eco body soap,734.0,,,,,,,,,,
smeg stainless steel oven,735.0,,,,,,,,,,
Sonos - wifi sound system,736.0,,,,,,,,,,
"40"" HDTV with Amazon Prime Video, Apple TV, Netflix",737.0,,,,,,,,,,
occitane body soap,738.0,,,,,,,,,,
Onbekend  body soap,739.0,,,,,,,,,,
Onbekend  conditioner,740.0,,,,,,,,,,
"TV with Amazon Prime Video, Netflix, premium cable",741.0,,,,,,,,,,
Shared gym nearby,742.0,,,,,,,,,,
Game console: PS4 and Xbox One,743.0,,,,,,,,,,
harman/kardon Bluetooth sound system,744.0,,,,,,,,,,
bauwknecht  stainless steel oven,745.0,,,,,,,,,,
bauwknecht refrigerator,746.0,,,,,,,,,,
"55"" HDTV with Amazon Prime Video, Apple TV, Netflix, premium cable",747.0,,,,,,,,,,
green soap body soap,748.0,,,,,,,,,,
Free carport on premises,749.0,,,,,,,,,,
"HDTV with standard cable, Netflix, premium cable",750.0,,,,,,,,,,
IKEA stainless steel oven,751.0,,,,,,,,,,
Denon Amplifier - B&W Speakers sound system with Bluetooth and aux,752.0,,,,,,,,,,
L’Oréal  conditioner,753.0,,,,,,,,,,
Spa & therme  body soap,754.0,,,,,,,,,,
SMEG refrigerator,755.0,,,,,,,,,,
SMEG stainless steel electric stove,756.0,,,,,,,,,,
"62"" HDTV with Netflix",757.0,,,,,,,,,,
Dedicated workspace: monitor and table,758.0,,,,,,,,,,
Eco shampoo,759.0,,,,,,,,,,
Pelgrim oven,760.0,,,,,,,,,,
Pelgrim induction stove,761.0,,,,,,,,,,
"70"" HDTV with Netflix, premium cable",762.0,,,,,,,,,,
Paid parking garage on premises – 80 spaces,763.0,,,,,,,,,,
Gfl Amenities shampoo,764.0,,,,,,,,,,
Proline refrigerator,765.0,,,,,,,,,,
Gfl Amenities body soap,766.0,,,,,,,,,,
Game console: Nintendo Wii and PS4,767.0,,,,,,,,,,
Bose Soundtouch sound system with Bluetooth and aux,768.0,,,,,,,,,,
Bora  induction stove,769.0,,,,,,,,,,
Unicura body soap,770.0,,,,,,,,,,
"55"" HDTV with Netflix, standard cable",771.0,,,,,,,,,,
Denon icm KEF sound system,772.0,,,,,,,,,,
JBL Xtreme Bluetooth sound system,773.0,,,,,,,,,,
"Dedicated workspace: monitor, table, office chair, and desk",774.0,,,,,,,,,,
Zenology shampoo,775.0,,,,,,,,,,
Zenology body soap,776.0,,,,,,,,,,
Zenology conditioner,777.0,,,,,,,,,,
Ikea stove,778.0,,,,,,,,,,
BOSE Bluetooth sound system,779.0,,,,,,,,,,
"HDTV with Netflix, Amazon Prime Video",780.0,,,,,,,,,,
Stainless steel electric stove,781.0,,,,,,,,,,
Vintage Amp Luxman sound system with Bluetooth and aux,782.0,,,,,,,,,,
Smeg  refrigerator,783.0,,,,,,,,,,
Sonos (WiFi) sound system,784.0,,,,,,,,,,
depends shampoo,785.0,,,,,,,,,,
handsoap showergel shampoo body soap,786.0,,,,,,,,,,
Marie Stella body soap,787.0,,,,,,,,,,
Marie Stella shampoo,788.0,,,,,,,,,,
Marie Stella conditioner,789.0,,,,,,,,,,
Paid parking lot on premises – 100 spaces,790.0,,,,,,,,,,
Smeg oven,791.0,,,,,,,,,,
Eco friendly  shampoo,792.0,,,,,,,,,,
.  Bluetooth sound system,793.0,,,,,,,,,,
.  stainless steel gas stove,794.0,,,,,,,,,,
Eco friendly  body soap,795.0,,,,,,,,,,
"43"" HDTV with Netflix, premium cable, standard cable",796.0,,,,,,,,,,
smeg refrigerator,797.0,,,,,,,,,,
smeg stove,798.0,,,,,,,,,,
"50"" HDTV with Amazon Prime Video, Apple TV, Netflix",799.0,,,,,,,,,,
Philips Simple music box. Good enough for entertainment Bluetooth sound system,800.0,,,,,,,,,,
Combi microwave/ oven oven,801.0,,,,,,,,,,
AEG induction stove,802.0,,,,,,,,,,
"HDTV with Amazon Prime Video, Netflix, Chromecast",803.0,,,,,,,,,,
Sanex zero no parabens  body soap,804.0,,,,,,,,,,
"TV with Apple TV, Netflix",805.0,,,,,,,,,,
Marie Stella Maris  body soap,806.0,,,,,,,,,,
"55"" HDTV with Netflix, premium cable, standard cable",807.0,,,,,,,,,,
"Dedicated workspace: desk, monitor, and office chair",808.0,,,,,,,,,,
AEG oven,809.0,,,,,,,,,,
bose Bluetooth sound system,810.0,,,,,,,,,,
Green Soap conditioner,811.0,,,,,,,,,,
Green Soap shampoo,812.0,,,,,,,,,,
"24"" TV with Chromecast",813.0,,,,,,,,,,
Green Soap body soap,814.0,,,,,,,,,,
Various conditioner,815.0,,,,,,,,,,
Smeg stainless steel electric stove,816.0,,,,,,,,,,
SONOS Bluetooth sound system,817.0,,,,,,,,,,
AEG stainless steel oven,818.0,,,,,,,,,,
"Dedicated workspace: desk, monitor, table, and office chair",819.0,,,,,,,,,,
Etna  refrigerator,820.0,,,,,,,,,,
MARIE-STELLA-MARIS shampoo,821.0,,,,,,,,,,
MARIE-STELLA-MARIS conditioner,822.0,,,,,,,,,,
Syos conditioner,823.0,,,,,,,,,,
"HDTV with Apple TV, Chromecast, Netflix",824.0,,,,,,,,,,
Nivea shampoo,825.0,,,,,,,,,,
Australien shampoo,826.0,,,,,,,,,,
"HDTV with Amazon Prime Video, Apple TV, Chromecast, Netflix, standard cable",827.0,,,,,,,,,,
Australien  conditioner,828.0,,,,,,,,,,
"HDTV with Amazon Prime Video, Chromecast, Netflix, premium cable",829.0,,,,,,,,,,
indensit refrigerator,830.0,,,,,,,,,,
indensit induction stove,831.0,,,,,,,,,,
indensit stainless steel oven,832.0,,,,,,,,,,
Verschillend conditioner,833.0,,,,,,,,,,
Verschillend shampoo,834.0,,,,,,,,,,
Verschillend body soap,835.0,,,,,,,,,,
"HDTV with Amazon Prime Video, Netflix, premium cable",836.0,,,,,,,,,,
"Dedicated workspace: table, office chair, desk, and monitor",837.0,,,,,,,,,,
"36"" TV with Apple TV, Netflix",838.0,,,,,,,,,,
Fast wifi – 91 Mbps,839.0,,,,,,,,,,
ikea refrigerator,840.0,,,,,,,,,,
Andrelon  shampoo,841.0,,,,,,,,,,
"Dedicated workspace: office chair, monitor, desk, and table",842.0,,,,,,,,,,
"49"" HDTV with Chromecast, Netflix",843.0,,,,,,,,,,
SMEG oven,844.0,,,,,,,,,,
SMEG stove,845.0,,,,,,,,,,
"43"" HDTV",846.0,,,,,,,,,,
Miele  oven,847.0,,,,,,,,,,
"Clothing storage: wardrobe, walk-in closet, closet, and dresser",848.0,,,,,,,,,,
Etos shampoo,849.0,,,,,,,,,,
"42"" HDTV with Netflix",850.0,,,,,,,,,,
zanussi refrigerator,851.0,,,,,,,,,,
"Shampoo, bodywash and hand wash is from Rituals Hammam body soap",852.0,,,,,,,,,,
Marcel  body soap,853.0,,,,,,,,,,
Marcel  shampoo,854.0,,,,,,,,,,
Clothing storage: walk-in closet and wardrobe,855.0,,,,,,,,,,
Sonos Stereo Speakers sound system,856.0,,,,,,,,,,
Divers body soap,857.0,,,,,,,,,,
divers conditioner,858.0,,,,,,,,,,
divers shampoo,859.0,,,,,,,,,,
Kitchen Aid stainless steel oven,860.0,,,,,,,,,,
Private gym nearby,861.0,,,,,,,,,,
Sebamed body soap,862.0,,,,,,,,,,
siemens gas stove,863.0,,,,,,,,,,
zenology body soap,864.0,,,,,,,,,,
AEG stainless steel induction stove,865.0,,,,,,,,,,
"43"" HDTV with Amazon Prime Video, Chromecast, Netflix, premium cable",866.0,,,,,,,,,,
Samsung with icemaker refrigerator,867.0,,,,,,,,,,
SMEG induction stove,868.0,,,,,,,,,,
Very good system here; only usable on request! sound system with Bluetooth and aux,869.0,,,,,,,,,,
"Dedicated workspace: monitor, desk, and table",870.0,,,,,,,,,,
Harman Kardon Bluetooth sound system,871.0,,,,,,,,,,
"TV with Amazon Prime Video, Netflix, standard cable",872.0,,,,,,,,,,
KRK  Bluetooth sound system,873.0,,,,,,,,,,
"TV with Apple TV, Netflix, Chromecast, standard cable",874.0,,,,,,,,,,
Dedicated workspace: table and monitor,875.0,,,,,,,,,,
"Dedicated workspace: table, office chair, monitor, and desk",876.0,,,,,,,,,,
Hotel Soap body soap,877.0,,,,,,,,,,
diversen body soap,878.0,,,,,,,,,,
LUXMAN Bluetooth sound system,879.0,,,,,,,,,,
"Dedicated workspace: table, desk, and office chair",880.0,,,,,,,,,,
Weleda or similar  shampoo,881.0,,,,,,,,,,
Rich and Ecological Shower Gel body soap,882.0,,,,,,,,,,
Private gym,883.0,,,,,,,,,,
Sony (A Soundbar will be delivered on request) Bluetooth sound system,884.0,,,,,,,,,,
The Spa collection body soap,885.0,,,,,,,,,,
The Spa Collection shampoo,886.0,,,,,,,,,,
The Spa Collection conditioner,887.0,,,,,,,,,,
andrelon shampoo,888.0,,,,,,,,,,
Amsterdam,,889.0,,,,,,,,,
"Amsterdam, North Holland, Netherlands",,,890.0,,,,,,,,
"Amsterdam, Noord-Holland, Netherlands",,,891.0,,,,,,,,
De Baarsjes - Oud-West,,,892.0,,,,,,,,
Centrum-West,,,893.0,,,,,,,,
Slotervaart,,,894.0,,,,,,,,
De Pijp - Rivierenbuurt,,,895.0,,,,,,,,
Centrum-Oost,,,896.0,,,,,,,,
"Amsterdam, NH, Netherlands",,,897.0,,,,,,,,
Zuid,,,898.0,,,,,,,,
Oud-Oost,,,899.0,,,,,,,,
"Amsterdam, Netherlands, Netherlands",,,900.0,,,,,,,,
"Watergraafsmeer, North Holland, Netherlands",,,901.0,,,,,,,,
"Jordaan, North Holland, Netherlands",,,902.0,,,,,,,,
Watergraafsmeer,,,903.0,,,,,,,,
"Zeeburg, North Holland, Netherlands",,,904.0,,,,,,,,
Bos en Lommer,,,905.0,,,,,,,,
Westerpark,,,906.0,,,,,,,,
Buitenveldert - Zuidas,,,907.0,,,,,,,,
"Amsterdam, Haarlemmerbuurt, Netherlands",,,908.0,,,,,,,,
Noord-Oost,,,909.0,,,,,,,,
"Amsterdam, Netherlands",,,910.0,,,,,,,,
Oostelijk Havengebied - Indische Buurt,,,911.0,,,,,,,,
Osdorp,,,912.0,,,,,,,,
"Amsterdam-Zuidoost, North Holland, Netherlands",,,913.0,,,,,,,,
Oud-Noord,,,914.0,,,,,,,,
IJburg - Zeeburgereiland,,,915.0,,,,,,,,
Geuzenveld - Slotermeer,,,916.0,,,,,,,,
Noord-West,,,917.0,,,,,,,,
"Amsterdam, SN, Netherlands",,,918.0,,,,,,,,
"Amsterdam, Noord Holland, Netherlands",,,919.0,,,,,,,,
"Amsterdam , Amsterdam, Netherlands",,,920.0,,,,,,,,
"Amsterdam, Holland, Netherlands",,,921.0,,,,,,,,
"Amsterdam Zuidoost, North Holland, Netherlands",,,922.0,,,,,,,,
"Amsterdam, Noord-Holland 6, Netherlands",,,923.0,,,,,,,,
"Amsterdam Zuid-Oost, Noord-Holland, Netherlands",,,924.0,,,,,,,,
"Amsterdam, Emmy andriessestraat, Netherlands",,,925.0,,,,,,,,
"Amsterdam, AH, Netherlands",,,926.0,,,,,,,,
"Amsterdam, GA, Netherlands",,,927.0,,,,,,,,
"Amsterdam, GD, Netherlands",,,928.0,,,,,,,,
"Amsterdam, Amstel, Netherlands",,,929.0,,,,,,,,
"Amsterdam-Zuidoost, Noord-Holland, Netherlands",,,930.0,,,,,,,,
"Amsterdam , 2 de Egelantiersdwarsstraat 13 III, Netherlands",,,931.0,,,,,,,,
De Aker - Nieuw Sloten,,,932.0,,,,,,,,
"Amsterdam, Noord- Holland, Netherlands",,,933.0,,,,,,,,
"Amsterdam, VX, Netherlands",,,934.0,,,,,,,,
Netherlands,,,935.0,962.0,,,,,,,
"Amsterdam, North-Holland, Netherlands",,,936.0,,,,,,,,
"Amsterdam, DP, Netherlands",,,937.0,,,,,,,,
"Amsterdam , Noord-Holland, Netherlands",,,938.0,,,,,,,,
Bijlmer-Centrum,,,939.0,,,,,,,,
"Amsterdam, Frederiksstraat, Netherlands",,,940.0,,,,,,,,
"Amsterdam , North Holland, Netherlands",,,941.0,,,,,,,,
"Duivendrecht, Noord-Holland, Netherlands",,,942.0,,,,,,,,
Gaasperdam - Driemond,,,943.0,,,,,,,,
Bijlmer-Oost,,,944.0,,,,,,,,
"Diemen, Noord-Holland, Netherlands",,,945.0,,,,,,,,
"Amsterdam, NM, Netherlands",,,946.0,,,,,,,,
"Landsmeer, Noord-Holland, Netherlands",,,947.0,,,,,,,,
"Amsterdam, The Netherlands, Netherlands",,,948.0,,,,,,,,
"Badhoevedorp, Noord-Holland, Netherlands",,,949.0,,,,,,,,
"Amsterdam-Centrum, Noord-Holland, Netherlands",,,950.0,,,,,,,,
"Amsterdam, Nord Holland, Netherlands",,,951.0,,,,,,,,
"Central Amsterdam, Amsterdam, Netherlands",,,952.0,,,,,,,,
"*, Amsterdam, Netherlands",,,953.0,,,,,,,,
"Badhoevedorp, NH, Netherlands",,,954.0,,,,,,,,
"243h Orteliusstraat Amsterdam, Noord-Holland, Netherlands",,,955.0,,,,,,,,
"Oostzaan, Noord-Holland, Netherlands",,,956.0,,,,,,,,
"1054 ZV, Noord-Holland, Netherlands",,,957.0,,,,,,,,
"Amsterdam, NORTH HOLLAND, Netherlands",,,958.0,,,,,,,,
"Ouder-Amstel, Noord-Holland, Netherlands",,,959.0,,,,,,,,
"Lijnden, Noord-Holland, Netherlands",,,960.0,,,,,,,,
"Amsterdam , Netherlands",,,961.0,,,,,,,,
$59.00,,,,,963.0,,,,,,
$106.00,,,,,964.0,,,,,,
$135.00,,,,,965.0,,,,,,
$75.00,,,,,966.0,,,,,,
$55.00,,,,,967.0,,,,,,
$240.00,,,,,968.0,,,,,,
$120.00,,,,,969.0,,,,,,
$157.00,,,,,970.0,,,,,,
$250.00,,,,,971.0,,,,,,
$118.00,,,,,972.0,,,,,,
$222.00,,,,,973.0,,,,,,
$100.00,,,,,974.0,,,,,,
$149.00,,,,,975.0,,,,,,
$40.00,,,,,976.0,,,,,,
$90.00,,,,,977.0,,,,,,
$82.00,,,,,978.0,,,,,,
$112.00,,,,,979.0,,,,,,
$115.00,,,,,980.0,,,,,,
$45.00,,,,,981.0,,,,,,
$99.00,,,,,982.0,,,,,,
$77.00,,,,,983.0,,,,,,
$200.00,,,,,984.0,,,,,,
$155.00,,,,,985.0,,,,,,
$88.00,,,,,986.0,,,,,,
$145.00,,,,,987.0,,,,,,
$165.00,,,,,988.0,,,,,,
$94.00,,,,,989.0,,,,,,
$265.00,,,,,990.0,,,,,,
$119.00,,,,,991.0,,,,,,
$344.00,,,,,992.0,,,,,,
$122.00,,,,,993.0,,,,,,
$385.00,,,,,994.0,,,,,,
$125.00,,,,,995.0,,,,,,
$621.00,,,,,996.0,,,,,,
$97.00,,,,,997.0,,,,,,
$105.00,,,,,998.0,,,,,,
$95.00,,,,,999.0,,,,,,
$707.00,,,,,1000.0,,,,,,
$220.00,,,,,1001.0,,,,,,
$148.00,,,,,1002.0,,,,,,
$73.00,,,,,1003.0,,,,,,
$395.00,,,,,1004.0,,,,,,
$245.00,,,,,1005.0,,,,,,
$314.00,,,,,1006.0,,,,,,
$182.00,,,,,1007.0,,,,,,
$280.00,,,,,1008.0,,,,,,
$85.00,,,,,1009.0,,,,,,
$289.00,,,,,1010.0,,,,,,
$109.00,,,,,1011.0,,,,,,
$185.00,,,,,1012.0,,,,,,
$70.00,,,,,1013.0,,,,,,
$275.00,,,,,1014.0,,,,,,
$171.00,,,,,1015.0,,,,,,
$299.00,,,,,1016.0,,,,,,
$600.00,,,,,1017.0,,,,,,
$729.00,,,,,1018.0,,,,,,
$159.00,,,,,1019.0,,,,,,
$180.00,,,,,1020.0,,,,,,
$140.00,,,,,1021.0,,,,,,
$80.00,,,,,1022.0,,,,,,
$110.00,,,,,1023.0,,,,,,
$92.00,,,,,1024.0,,,,,,
$150.00,,,,,1025.0,,,,,,
$124.00,,,,,1026.0,,,,,,
$170.00,,,,,1027.0,,,,,,
$295.00,,,,,1028.0,,,,,,
$87.00,,,,,1029.0,,,,,,
$450.00,,,,,1030.0,,,,,,
$69.00,,,,,1031.0,,,,,,
$111.00,,,,,1032.0,,,,,,
$146.00,,,,,1033.0,,,,,,
$57.00,,,,,1034.0,,,,,,
$151.00,,,,,1035.0,,,,,,
$98.00,,,,,1036.0,,,,,,
$136.00,,,,,1037.0,,,,,,
$51.00,,,,,1038.0,,,,,,
$130.00,,,,,1039.0,,,,,,
$156.00,,,,,1040.0,,,,,,
$72.00,,,,,1041.0,,,,,,
$243.00,,,,,1042.0,,,,,,
$399.00,,,,,1043.0,,,,,,
$843.00,,,,,1044.0,,,,,,
$260.00,,,,,1045.0,,,,,,
$217.00,,,,,1046.0,,,,,,
$101.00,,,,,1047.0,,,,,,
$60.00,,,,,1048.0,,,,,,
$225.00,,,,,1049.0,,,,,,
$325.00,,,,,1050.0,,,,,,
$93.00,,,,,1051.0,,,,,,
$144.00,,,,,1052.0,,,,,,
$160.00,,,,,1053.0,,,,,,
$117.00,,,,,1054.0,,,,,,
$800.00,,,,,1055.0,,,,,,
$89.00,,,,,1056.0,,,,,,
$359.00,,,,,1057.0,,,,,,
$137.00,,,,,1058.0,,,,,,
$285.00,,,,,1059.0,,,,,,
$210.00,,,,,1060.0,,,,,,
$132.00,,,,,1061.0,,,,,,
$129.00,,,,,1062.0,,,,,,
$514.00,,,,,1063.0,,,,,,
$195.00,,,,,1064.0,,,,,,
$300.00,,,,,1065.0,,,,,,
$349.00,,,,,1066.0,,,,,,
$78.00,,,,,1067.0,,,,,,
$26.00,,,,,1068.0,,,,,,
$386.00,,,,,1069.0,,,,,,
$153.00,,,,,1070.0,,,,,,
$121.00,,,,,1071.0,,,,,,
$61.00,,,,,1072.0,,,,,,
$81.00,,,,,1073.0,,,,,,
$128.00,,,,,1074.0,,,,,,
$950.00,,,,,1075.0,,,,,,
$143.00,,,,,1076.0,,,,,,
$595.00,,,,,1077.0,,,,,,
$267.00,,,,,1078.0,,,,,,
$46.00,,,,,1079.0,,,,,,
$142.00,,,,,1080.0,,,,,,
$126.00,,,,,1081.0,,,,,,
$41.00,,,,,1082.0,,,,,,
$102.00,,,,,1083.0,,,,,,
$139.00,,,,,1084.0,,,,,,
$263.00,,,,,1085.0,,,,,,
$133.00,,,,,1086.0,,,,,,
$67.00,,,,,1087.0,,,,,,
$108.00,,,,,1088.0,,,,,,
$334.00,,,,,1089.0,,,,,,
$500.00,,,,,1090.0,,,,,,
$175.00,,,,,1091.0,,,,,,
$400.00,,,,,1092.0,,,,,,
$193.00,,,,,1093.0,,,,,,
$64.00,,,,,1094.0,,,,,,
$74.00,,,,,1095.0,,,,,,
$107.00,,,,,1096.0,,,,,,
$76.00,,,,,1097.0,,,,,,
$234.00,,,,,1098.0,,,,,,
$50.00,,,,,1099.0,,,,,,
$58.00,,,,,1100.0,,,,,,
$215.00,,,,,1101.0,,,,,,
$65.00,,,,,1102.0,,,,,,
$103.00,,,,,1103.0,,,,,,
$47.00,,,,,1104.0,,,,,,
$397.00,,,,,1105.0,,,,,,
$114.00,,,,,1106.0,,,,,,
$229.00,,,,,1107.0,,,,,,
$302.00,,,,,1108.0,,,,,,
$56.00,,,,,1109.0,,,,,,
$123.00,,,,,1110.0,,,,,,
$532.00,,,,,1111.0,,,,,,
$164.00,,,,,1112.0,,,,,,
$230.00,,,,,1113.0,,,,,,
$279.00,,,,,1114.0,,,,,,
$350.00,,,,,1115.0,,,,,,
$466.00,,,,,1116.0,,,,,,
$192.00,,,,,1117.0,,,,,,
$179.00,,,,,1118.0,,,,,,
$329.00,,,,,1119.0,,,,,,
$214.00,,,,,1120.0,,,,,,
$79.00,,,,,1121.0,,,,,,
$91.00,,,,,1122.0,,,,,,
$188.00,,,,,1123.0,,,,,,
$196.00,,,,,1124.0,,,,,,
$213.00,,,,,1125.0,,,,,,
$239.00,,,,,1126.0,,,,,,
$259.00,,,,,1127.0,,,,,,
$189.00,,,,,1128.0,,,,,,
$199.00,,,,,1129.0,,,,,,
$147.00,,,,,1130.0,,,,,,
$36.00,,,,,1131.0,,,,,,
$35.00,,,,,1132.0,,,,,,
$86.00,,,,,1133.0,,,,,,
$83.00,,,,,1134.0,,,,,,
$158.00,,,,,1135.0,,,,,,
$249.00,,,,,1136.0,,,,,,
$516.00,,,,,1137.0,,,,,,
$186.00,,,,,1138.0,,,,,,
$345.00,,,,,1139.0,,,,,,
$380.00,,,,,1140.0,,,,,,
$795.00,,,,,1141.0,,,,,,
$131.00,,,,,1142.0,,,,,,
$381.00,,,,,1143.0,,,,,,
$152.00,,,,,1144.0,,,,,,
$290.00,,,,,1145.0,,,,,,
$173.00,,,,,1146.0,,,,,,
$62.00,,,,,1147.0,,,,,,
$484.00,,,,,1148.0,,,,,,
$409.00,,,,,1149.0,,,,,,
$495.00,,,,,1150.0,,,,,,
$414.00,,,,,1151.0,,,,,,
$231.00,,,,,1152.0,,,,,,
$84.00,,,,,1153.0,,,,,,
$268.00,,,,,1154.0,,,,,,
$328.00,,,,,1155.0,,,,,,
$293.00,,,,,1156.0,,,,,,
$307.00,,,,,1157.0,,,,,,
$425.00,,,,,1158.0,,,,,,
$168.00,,,,,1159.0,,,,,,
$53.00,,,,,1160.0,,,,,,
$96.00,,,,,1161.0,,,,,,
$493.00,,,,,1162.0,,,,,,
$68.00,,,,,1163.0,,,,,,
$361.00,,,,,1164.0,,,,,,
$248.00,,,,,1165.0,,,,,,
$37.00,,,,,1166.0,,,,,,
$375.00,,,,,1167.0,,,,,,
$190.00,,,,,1168.0,,,,,,
$178.00,,,,,1169.0,,,,,,
$49.00,,,,,1170.0,,,,,,
$167.00,,,,,1171.0,,,,,,
$257.00,,,,,1172.0,,,,,,
$138.00,,,,,1173.0,,,,,,
$181.00,,,,,1174.0,,,,,,
$169.00,,,,,1175.0,,,,,,
$320.00,,,,,1176.0,,,,,,
$183.00,,,,,1177.0,,,,,,
$857.00,,,,,1178.0,,,,,,
$525.00,,,,,1179.0,,,,,,
$699.00,,,,,1180.0,,,,,,
$116.00,,,,,1181.0,,,,,,
$203.00,,,,,1182.0,,,,,,
$499.00,,,,,1183.0,,,,,,
$292.00,,,,,1184.0,,,,,,
$305.00,,,,,1185.0,,,,,,
$71.00,,,,,1186.0,,,,,,
$104.00,,,,,1187.0,,,,,,
$163.00,,,,,1188.0,,,,,,
$360.00,,,,,1189.0,,,,,,
$363.00,,,,,1190.0,,,,,,
$113.00,,,,,1191.0,,,,,,
$161.00,,,,,1192.0,,,,,,
$319.00,,,,,1193.0,,,,,,
$445.00,,,,,1194.0,,,,,,
$48.00,,,,,1195.0,,,,,,
$278.00,,,,,1196.0,,,,,,
$166.00,,,,,1197.0,,,,,,
$207.00,,,,,1198.0,,,,,,
$629.00,,,,,1199.0,,,,,,
$333.00,,,,,1200.0,,,,,,
$318.00,,,,,1201.0,,,,,,
$255.00,,,,,1202.0,,,,,,
$52.00,,,,,1203.0,,,,,,
$700.00,,,,,1204.0,,,,,,
$431.00,,,,,1205.0,,,,,,
$550.00,,,,,1206.0,,,,,,
$141.00,,,,,1207.0,,,,,,
$276.00,,,,,1208.0,,,,,,
$353.00,,,,,1209.0,,,,,,
$266.00,,,,,1210.0,,,,,,
$134.00,,,,,1211.0,,,,,,
$253.00,,,,,1212.0,,,,,,
$264.00,,,,,1213.0,,,,,,
$460.00,,,,,1214.0,,,,,,
$219.00,,,,,1215.0,,,,,,
$154.00,,,,,1216.0,,,,,,
$449.00,,,,,1217.0,,,,,,
$745.00,,,,,1218.0,,,,,,
$587.00,,,,,1219.0,,,,,,
$487.00,,,,,1220.0,,,,,,
$247.00,,,,,1221.0,,,,,,
$232.00,,,,,1222.0,,,,,,
$330.00,,,,,1223.0,,,,,,
$205.00,,,,,1224.0,,,,,,
$204.00,,,,,1225.0,,,,,,
$191.00,,,,,1226.0,,,,,,
$172.00,,,,,1227.0,,,,,,
$448.00,,,,,1228.0,,,,,,
$39.00,,,,,1229.0,,,,,,
$453.00,,,,,1230.0,,,,,,
$42.00,,,,,1231.0,,,,,,
$226.00,,,,,1232.0,,,,,,
$236.00,,,,,1233.0,,,,,,
$354.00,,,,,1234.0,,,,,,
$176.00,,,,,1235.0,,,,,,
$291.00,,,,,1236.0,,,,,,
$194.00,,,,,1237.0,,,,,,
$454.00,,,,,1238.0,,,,,,
$237.00,,,,,1239.0,,,,,,
$198.00,,,,,1240.0,,,,,,
$377.00,,,,,1241.0,,,,,,
$442.00,,,,,1242.0,,,,,,
"$1,160.00",,,,,1243.0,,,,,,
$206.00,,,,,1244.0,,,,,,
$221.00,,,,,1245.0,,,,,,
$306.00,,,,,1246.0,,,,,,
$38.00,,,,,1247.0,,,,,,
$256.00,,,,,1248.0,,,,,,
$201.00,,,,,1249.0,,,,,,
$272.00,,,,,1250.0,,,,,,
$270.00,,,,,1251.0,,,,,,
$650.00,,,,,1252.0,,,,,,
"$1,190.00",,,,,1253.0,,,,,,
$326.00,,,,,1254.0,,,,,,
$420.00,,,,,1255.0,,,,,,
$315.00,,,,,1256.0,,,,,,
$331.00,,,,,1257.0,,,,,,
$262.00,,,,,1258.0,,,,,,
$174.00,,,,,1259.0,,,,,,
$494.00,,,,,1260.0,,,,,,
$54.00,,,,,1261.0,,,,,,
$224.00,,,,,1262.0,,,,,,
$63.00,,,,,1263.0,,,,,,
$184.00,,,,,1264.0,,,,,,
$277.00,,,,,1265.0,,,,,,
$251.00,,,,,1266.0,,,,,,
$615.00,,,,,1267.0,,,,,,
$999.00,,,,,1268.0,,,,,,
$212.00,,,,,1269.0,,,,,,
$43.00,,,,,1270.0,,,,,,
$288.00,,,,,1271.0,,,,,,
$534.00,,,,,1272.0,,,,,,
$211.00,,,,,1273.0,,,,,,
$209.00,,,,,1274.0,,,,,,
$321.00,,,,,1275.0,,,,,,
$187.00,,,,,1276.0,,,,,,
$440.00,,,,,1277.0,,,,,,
$242.00,,,,,1278.0,,,,,,
$590.00,,,,,1279.0,,,,,,
$357.00,,,,,1280.0,,,,,,
$725.00,,,,,1281.0,,,,,,
$298.00,,,,,1282.0,,,,,,
$66.00,,,,,1283.0,,,,,,
$238.00,,,,,1284.0,,,,,,
$797.00,,,,,1285.0,,,,,,
$228.00,,,,,1286.0,,,,,,
$30.00,,,,,1287.0,,,,,,
$636.00,,,,,1288.0,,,,,,
$656.00,,,,,1289.0,,,,,,
$32.00,,,,,1290.0,,,,,,
$327.00,,,,,1291.0,,,,,,
$540.00,,,,,1292.0,,,,,,
$368.00,,,,,1293.0,,,,,,
$216.00,,,,,1294.0,,,,,,
$814.00,,,,,1295.0,,,,,,
$388.00,,,,,1296.0,,,,,,
$294.00,,,,,1297.0,,,,,,
$25.00,,,,,1298.0,,,,,,
$252.00,,,,,1299.0,,,,,,
$436.00,,,,,1300.0,,,,,,
$244.00,,,,,1301.0,,,,,,
$44.00,,,,,1302.0,,,,,,
$429.00,,,,,1303.0,,,,,,
$9.00,,,,,1304.0,,,,,,
$337.00,,,,,1305.0,,,,,,
$197.00,,,,,1306.0,,,,,,
$208.00,,,,,1307.0,,,,,,
$19.00,,,,,1308.0,,,,,,
$810.00,,,,,1309.0,,,,,,
$202.00,,,,,1310.0,,,,,,
$127.00,,,,,1311.0,,,,,,
$444.00,,,,,1312.0,,,,,,
$316.00,,,,,1313.0,,,,,,
$233.00,,,,,1314.0,,,,,,
$218.00,,,,,1315.0,,,,,,
$475.00,,,,,1316.0,,,,,,
$332.00,,,,,1317.0,,,,,,
$177.00,,,,,1318.0,,,,,,
$162.00,,,,,1319.0,,,,,,
$227.00,,,,,1320.0,,,,,,
$533.00,,,,,1321.0,,,,,,
$430.00,,,,,1322.0,,,,,,
$273.00,,,,,1323.0,,,,,,
$362.00,,,,,1324.0,,,,,,
$235.00,,,,,1325.0,,,,,,
$405.00,,,,,1326.0,,,,,,
$427.00,,,,,1327.0,,,,,,
$459.00,,,,,1328.0,,,,,,
$750.00,,,,,1329.0,,,,,,
$529.00,,,,,1330.0,,,,,,
$446.00,,,,,1331.0,,,,,,
$254.00,,,,,1332.0,,,,,,
$303.00,,,,,1333.0,,,,,,
$282.00,,,,,1334.0,,,,,,
$297.00,,,,,1335.0,,,,,,
$31.00,,,,,1336.0,,,,,,
$34.00,,,,,1337.0,,,,,,
$336.00,,,,,1338.0,,,,,,
$223.00,,,,,1339.0,,,,,,
$324.00,,,,,1340.0,,,,,,
$490.00,,,,,1341.0,,,,,,
$33.00,,,,,1342.0,,,,,,
$27.00,,,,,1343.0,,,,,,
$900.00,,,,,1344.0,,,,,,
$435.00,,,,,1345.0,,,,,,
$271.00,,,,,1346.0,,,,,,
$335.00,,,,,1347.0,,,,,,
$348.00,,,,,1348.0,,,,,,
$378.00,,,,,1349.0,,,,,,
$890.00,,,,,1350.0,,,,,,
$389.00,,,,,1351.0,,,,,,
$283.00,,,,,1352.0,,,,,,
$468.00,,,,,1353.0,,,,,,
$269.00,,,,,1354.0,,,,,,
$521.00,,,,,1355.0,,,,,,
$664.00,,,,,1356.0,,,,,,
$654.00,,,,,1357.0,,,,,,
$850.00,,,,,1358.0,,,,,,
$730.00,,,,,1359.0,,,,,,
$343.00,,,,,1360.0,,,,,,
$340.00,,,,,1361.0,,,,,,
$390.00,,,,,1362.0,,,,,,
"$1,400.00",,,,,1363.0,,,,,,
$310.00,,,,,1364.0,,,,,,
$480.00,,,,,1365.0,,,,,,
$428.00,,,,,1366.0,,,,,,
$432.00,,,,,1367.0,,,,,,
$0.00,,,,,1368.0,,,,,,
$261.00,,,,,1369.0,,,,,,
$274.00,,,,,1370.0,,,,,,
$286.00,,,,,1371.0,,,,,,
$313.00,,,,,1372.0,,,,,,
$511.00,,,,,1373.0,,,,,,
"$6,477.00",,,,,1374.0,,,,,,
"$1,200.00",,,,,1375.0,,,,,,
$346.00,,,,,1376.0,,,,,,
$412.00,,,,,1377.0,,,,,,
$338.00,,,,,1378.0,,,,,,
$455.00,,,,,1379.0,,,,,,
$392.00,,,,,1380.0,,,,,,
$505.00,,,,,1381.0,,,,,,
$241.00,,,,,1382.0,,,,,,
$339.00,,,,,1383.0,,,,,,
$317.00,,,,,1384.0,,,,,,
$470.00,,,,,1385.0,,,,,,
$447.00,,,,,1386.0,,,,,,
"$1,295.00",,,,,1387.0,,,,,,
$341.00,,,,,1388.0,,,,,,
$364.00,,,,,1389.0,,,,,,
$819.00,,,,,1390.0,,,,,,
$980.00,,,,,1391.0,,,,,,
$812.00,,,,,1392.0,,,,,,
"$1,399.00",,,,,1393.0,,,,,,
$548.00,,,,,1394.0,,,,,,
$555.00,,,,,1395.0,,,,,,
$780.00,,,,,1396.0,,,,,,
$520.00,,,,,1397.0,,,,,,
$309.00,,,,,1398.0,,,,,,
$311.00,,,,,1399.0,,,,,,
$28.00,,,,,1400.0,,,,,,
$246.00,,,,,1401.0,,,,,,
Private room in rental unit,,,,,,1402.0,,,,,
Private room in townhouse,,,,,,1403.0,,,,,
Private room in houseboat,,,,,,1404.0,,,,,
Entire rental unit,,,,,,1405.0,,,,,
Entire guest suite,,,,,,1406.0,,,,,
Boat,,,,,,1407.0,,,,,
Private room in bed and breakfast,,,,,,1408.0,,,,,
Entire loft,,,,,,1409.0,,,,,
Private room in residential home,,,,,,1410.0,,,,,
Private room in loft,,,,,,1411.0,,,,,
Entire guesthouse,,,,,,1412.0,,,,,
Private room in boat,,,,,,1413.0,,,,,
Private room in guest suite,,,,,,1414.0,,,,,
Entire townhouse,,,,,,1415.0,,,,,
Room in boutique hotel,,,,,,1416.0,,,,,
Entire condominium (condo),,,,,,1417.0,,,,,
Entire residential home,,,,,,1418.0,,,,,
Entire serviced apartment,,,,,,1419.0,,,,,
Private room in farm stay,,,,,,1420.0,,,,,
Houseboat,,,,,,1421.0,,,,,
Room in bed and breakfast,,,,,,1422.0,,,,,
Entire chalet,,,,,,1423.0,,,,,
Private room in guesthouse,,,,,,1424.0,,,,,
Shared room in rental unit,,,,,,1425.0,,,,,
Private room in condominium (condo),,,,,,1426.0,,,,,
Shared room in residential home,,,,,,1427.0,,,,,
Private room in island,,,,,,1428.0,,,,,
Entire villa,,,,,,1429.0,,,,,
Private room in tiny house,,,,,,1430.0,,,,,
Private room in villa,,,,,,1431.0,,,,,
Barn,,,,,,1432.0,,,,,
Private room in bungalow,,,,,,1433.0,,,,,
Private room in serviced apartment,,,,,,1434.0,,,,,
Entire cabin,,,,,,1435.0,,,,,
Room in hotel,,,,,,1436.0,,,,,
Entire place,,,,,,1437.0,,,,,
Room in aparthotel,,,,,,1438.0,,,,,
Tiny house,,,,,,1439.0,,,,,
Shared room in bed and breakfast,,,,,,1440.0,,,,,
Private room in cabin,,,,,,1441.0,,,,,
Entire cottage,,,,,,1442.0,,,,,
Private room,,,,,,1443.0,1459.0,,,,
Private room in nature lodge,,,,,,1444.0,,,,,
Room in serviced apartment,,,,,,1445.0,,,,,
Tower,,,,,,1446.0,,,,,
Room in casa particular,,,,,,1447.0,,,,,
Shared room in houseboat,,,,,,1448.0,,,,,
Room in hostel,,,,,,1449.0,,,,,
Shared room in hostel,,,,,,1450.0,,,,,
Private room in hostel,,,,,,1451.0,,,,,
Bus,,,,,,1452.0,,,,,
Shared room in boat,,,,,,1453.0,,,,,
Camper/RV,,,,,,1454.0,,,,,
Cave,,,,,,1455.0,,,,,
Entire home/apt,,,,,,1456.0,1460.0,,,,
Private room in casa particular,,,,,,1457.0,,,,,
Entire vacation home,,,,,,1458.0,,,,,
Hotel room,,,,,,,1461.0,,,,
Shared room,,,,,,,1462.0,,,,
2.0,,,,,,,,1463.0,,1500.0,1508.0
1.0,,,,,,,,1464.0,,1499.0,1509.0
4.0,,,,,,,,1465.0,,1504.0,1511.0
3.0,,,,,,,,1466.0,,1501.0,1510.0
12.0,,,,,,,,1467.0,,,1512.0
16.0,,,,,,,,1468.0,,,1517.0
5.0,,,,,,,,1469.0,,1502.0,1513.0
7.0,,,,,,,,1470.0,,1505.0,1518.0
6.0,,,,,,,,1471.0,,1506.0,1515.0
14.0,,,,,,,,1472.0,,,1519.0
8.0,,,,,,,,1473.0,,1507.0,1514.0
10.0,,,,,,,,1474.0,,1503.0,1524.0
13.0,,,,,,,,1475.0,,,1523.0
9.0,,,,,,,,1476.0,,,
1.5 shared baths,,,,,,,,,1477.0,,
1 private bath,,,,,,,,,1478.0,,
1.5 baths,,,,,,,,,1479.0,,
1 shared bath,,,,,,,,,1480.0,,
1 bath,,,,,,,,,1481.0,,
2.5 baths,,,,,,,,,1482.0,,
2 baths,,,,,,,,,1483.0,,
0 baths,,,,,,,,,1484.0,,
Private half-bath,,,,,,,,,1485.0,,
3.5 baths,,,,,,,,,1486.0,,
3 baths,,,,,,,,,1487.0,,
0 shared baths,,,,,,,,,1488.0,,
Half-bath,,,,,,,,,1489.0,,
Shared half-bath,,,,,,,,,1490.0,,
5 baths,,,,,,,,,1491.0,,
3.5 shared baths,,,,,,,,,1492.0,,
3 shared baths,,,,,,,,,1493.0,,
2 shared baths,,,,,,,,,1494.0,,
4 baths,,,,,,,,,1495.0,,
5.5 baths,,,,,,,,,1496.0,,
4.5 baths,,,,,,,,,1497.0,,
4 shared baths,,,,,,,,,1498.0,,
24.0,,,,,,,,,,,1516.0
20.0,,,,,,,,,,,1520.0
18.0,,,,,,,,,,,1521.0
17.0,,,,,,,,,,,1522.0
11.0,,,,,,,,,,,1525.0
33.0,,,,,,,,,,,1526.0
