,a,q,index
0,https://www.airbnb.com#site-content,www.airbnb.com#site-content,0
1,https://www.airbnb.com/?logo=1,?logo=1,1
2,https://www.airbnb.com/help,help,2
3,https://www.airbnb.com/login?redirect_url=/help/,,3
4,https://www.airbnb.com/help/all-topics,all-topics,4
5,https://www.airbnb.com/help/article/3113/getting-started-on-airbnb,getting-started-on-airbnb,5
6,https://www.airbnb.com/help/article/3114/accessing-your-account,accessing-your-account,6
7,https://www.airbnb.com/help/article/3115/help-with-a-reservation,help-with-a-reservation,7
8,https://www.airbnb.com/help/article/3116/help-with-hosting,help-with-hosting,8
9,https://www.airbnb.com/help/article/169/canceling-your-reservation-for-a-stay,canceling-your-reservation-for-a-stay,9
10,https://www.airbnb.com/help/article/3211/suspension-of-airbnb-operations-in-russia-and-belarus,suspension-of-airbnb-operations-in-russia-and-belarus,10
11,https://www.airbnb.com/help/article/3206/regulations-impacting-financial-institutions-in-russia-and-belarus,regulations-impacting-financial-institutions-in-russia-and-belarus,11
12,https://www.airbnb.com/help/article/3209/sanctions-impacting-hosting-in-the-donbas-region,sanctions-impacting-hosting-in-the-donbas-region,12
13,https://www.airbnb.com/help/article/1566/change-the-date-or-time-of-your-experience-reservation,change-the-date-or-time-of-your-experience-reservation,13
14,https://www.airbnb.com/help/article/170/if-your-host-cancels-your-reservation,if-your-host-cancels-your-reservation,14
15,https://www.airbnb.com/help/feature/1/our-community-policies,our-community-policies,15
16,https://www.airbnb.com/help/topic/1395/safety-tips-and-guidelines,safety-tips-and-guidelines,16
17,https://www.airbnb.com/help/contact-us,contact-us,17
18,https://www.airbnb.com/help/feedback,feedback,18
19,https://www.airbnb.com/help/home?from=footer,home?from=footer,19
20,https://www.airbnb.com/trust,trust,20
21,https://www.airbnb.com/help/article/2701/extenuating-circumstances-policy-and-the-coronavirus-covid19,extenuating-circumstances-policy-and-the-coronavirus-covid19,21
22,https://www.airbnb.com/d/covidsafety,covidsafety,22
23,https://www.airbnb.com/accessibility,accessibility,23
24,https://www.airbnb.com/neighbors,neighbors,24
25,https://www.airbnb.comhttps://www.airbnb.org?locale=en,www.airbnb.org?locale=en,25
26,https://www.airbnb.comhttps://www.airbnb.org/refugees,refugees,26
27,https://www.airbnb.com/against-discrimination,against-discrimination,27
28,https://www.airbnb.com/host/homes?from_footer=1,homes?from_footer=1,28
29,https://www.airbnb.com/aircover,aircover,29
30,https://www.airbnb.com/resources,resources,30
31,https://www.airbnb.com/help/community?s=footer,community?s=footer,31
32,https://www.airbnb.com/help/responsible-hosting,responsible-hosting,32
33,https://www.airbnb.com/press/news,news,33
34,https://www.airbnb.com/2021-winter,2021-winter,34
35,https://www.airbnb.comhttps://news.airbnb.com/what-makes-airbnb-airbnb,what-makes-airbnb-airbnb,35
36,https://www.airbnb.com/careers,careers,36
37,https://www.airbnb.comhttps://investors.airbnb.com,investors.airbnb.com,37
38,https://www.airbnb.com/luxury,luxury,38
39,https://www.airbnb.com/terms/privacy_policy,privacy_policy,39
40,https://www.airbnb.com/terms,terms,40
41,https://www.airbnb.com/sitemaps/v2,v2,41
42,https://www.airbnb.comhttps://www.facebook.com/airbnb,airbnb,42
43,https://www.airbnb.comhttps://twitter.com/airbnb,airbnb,43
44,https://www.airbnb.comhttps://instagram.com/airbnb,airbnb,44
45,https://www.airbnb.com/help/,,45
46,https://www.airbnb.com/help/topic/1375/getting-started,getting-started,46
47,https://www.airbnb.com/help/topic/1378/how-airbnb-works,how-airbnb-works,47
48,https://www.airbnb.com/help/topic/1380/our-community-policies,our-community-policies,48
49,https://www.airbnb.com/help/topic/1381/partnerships,partnerships,49
50,https://www.airbnb.com/help/topic/1348/searching-and-booking,searching-and-booking,50
51,https://www.airbnb.com/help/topic/1399/your-reservations,your-reservations,51
52,https://www.airbnb.com/help/topic/1359/payments-pricing-and-refunds,payments-pricing-and-refunds,52
53,https://www.airbnb.com/help/topic/1393/your-account,your-account,53
54,https://www.airbnb.com/help/topic/1398/safety,safety,54
