,Tweet,Datetime,Id,Name
0,"1636955279 Exceptional Value, Beautiful, and Spaciously Comfortable! Stay Here https://t.co/jdXfsnqH2C for an Exceptional Utah Vacation to Experience Life Elevated #vrbo #Airbnb #Tripadvisor https://t.co/4TrtmzVhZL",2021-11-15 05:47:40,1460122306185945090,TaylorSlowe
1,"Beautiful bed with 10 inches thickness spring mattress call 0722516017 
 #Airbnb #bed #billydrive #IkoKazi #IkoKaziKE #KeaDrive #KOT #KotSokoni #mattress #springmattress #Twitter @VisaKenya #Kenya #Nairobi #Ad #Beds #Deals #home #NikujaribuTu #sundayvibes https://t.co/wcMlphY6Yq",2021-11-15 05:42:40,1460121050587488264,CentreSleep
2,"RT @BoostlyUK: How to boost your Airbnb listing [Case Study]
‚ñ∏ https://t.co/dxzKvsCK0q

#Hotelmarketing #Marketing #Shortstayaccommodation‚Ä¶",2021-11-15 05:35:28,1460119238056808453,johnpaulcusick
3,RT @TheTyTierra: I stopped dancing a while ago because I wanted to become the FACE of my own BUSINESS! üíØüè¶ God had a different path for me a‚Ä¶,2021-11-15 05:18:36,1460114990791340032,King_Meeake
4,#Airbnb went to a parliamentary inquiry + spent a mozza on advertising claiming they were all about simple 'home sharing' - remember?  Read this PR BS and know Thrive also acts for Tiktok. Ex-Airbnb hack Brent Thomas heads Tiktok. Keeping the money close! https://t.co/iHCQtkhUSh https://t.co/HiG2yYnlM3,2021-11-15 05:17:47,1460114787505885188,termite_terry
5,So freaking excited about this #airbnb  booking pre-cruise for next year's milestone anniversary trip.  https://t.co/xXZjY5hl2F,2021-11-15 05:09:34,1460112720951394305,TCJules
6,"RT @BoostlyUK: How to boost your Airbnb listing [Case Study]
‚ñ∏ https://t.co/dxzKvsCK0q

#Hotelmarketing #Marketing #Shortstayaccommodation‚Ä¶",2021-11-15 05:01:33,1460110700785844228,gosquad22
7,"How to boost your Airbnb listing [Case Study]
‚ñ∏ https://t.co/dxzKvsCK0q

#Hotelmarketing #Marketing #Shortstayaccommodation #Airbnbsuperhost #Bookingcom #Airbnb #hotelmarketing #marketing #SocialMedia #Hotels #Boostly #shortstayaccommodation #airbnbsuperhost #bookingcom #airbnb https://t.co/HZuJ7c4Uae",2021-11-15 05:01:09,1460110602316173316,BoostlyUK
8,"When you stand on the mound after a game as a coach with your team and yell this is our house because you won a pool play game with a guest pitcher and then come out the next day and go 0-2 in playoffs as a program, maybe you were just renting for the day. #airbnb #rental",2021-11-15 04:57:52,1460109772938625027,EG_LVR
9,@Airbnb you are just messing with me because it says the case is closed. You haven‚Äôt reopened! #airbnb #crooks,2021-11-15 04:34:32,1460103903522004993,GiuliaAnna25
10,"RT @TimmyandChloe: Dogey Inu is‚Ä¶üíπ

https://t.co/YelLGWWMEzüòè
#memecoins #HEX #DINU #ETH #dogeyinu #Memes #Airbnb #shibainu #dogecoin #Solana‚Ä¶",2021-11-15 04:22:53,1460100969732227072,diamondhands_k8
11,"RT @TimmyandChloe: Dogey Inu is‚Ä¶üíπ

https://t.co/YelLGWWMEzüòè
#memecoins #HEX #DINU #ETH #dogeyinu #Memes #Airbnb #shibainu #dogecoin #Solana‚Ä¶",2021-11-15 03:39:26,1460090038197309441,peter16426309
12,"RT @TimmyandChloe: Dogey Inu is‚Ä¶üíπ

https://t.co/YelLGWWMEzüòè
#memecoins #HEX #DINU #ETH #dogeyinu #Memes #Airbnb #shibainu #dogecoin #Solana‚Ä¶",2021-11-15 03:32:03,1460088176853274625,JasonMVoorhies
13,"Dogey Inu is‚Ä¶üíπ

https://t.co/YelLGWWMEzüòè
#memecoins #HEX #DINU #ETH #dogeyinu #Memes #Airbnb #shibainu #dogecoin #Solana #SHIB #BELEST #NASA #coinbasepro #bitcoin #NFTs #KingandPrince #erc20 #blockchain #DeFi #FLOKI https://t.co/djXUqEJBbv",2021-11-15 03:31:36,1460088067134529541,TimmyandChloe
14,"1636946571 Beautiful, Spaciously Comfortable and an Exceptional Value! Stay Here https://t.co/n3CjTfhiXU for a Positively Exceptional Utah Vacation to Experience Life Elevated #vrbo #Airbnb #Tripadvisor https://t.co/R6kHAMR5KJ",2021-11-15 03:22:32,1460085781318492166,AnnieMousee
15,"RT @iamAMF: I tried calling the host but of course I got no answer, I left messages through the @Airbnb app but at 3am she probably wasn't‚Ä¶",2021-11-15 03:22:16,1460085714507517954,Ilive4Purpose
16,RT @iamAMF: So here's the story. I booked an #Airbnb for Las Vegas Halloween weekend based on the fact that it was close to the strip and t‚Ä¶,2021-11-15 03:21:55,1460085626787745796,Ilive4Purpose
17,"1636946044 Exceptional Value, Beautiful, and Spaciously Comfortable! Stay Here https://t.co/jdXfsnqH2C for an Exceptional Utah Vacation to Experience Life Elevated #vrbo #Airbnb #Tripadvisor https://t.co/qoa8WBUS0s",2021-11-15 03:13:44,1460083569095811073,TaylorSlowe
18,@bchesky I hope a pack of wild dogs chase you down a street filled with vacation rentals on a Sunday night. Why? Because all the locals had to move and no one will be at home to help you. Sunday they all check out #yourtheworst #airbnb #sick,2021-11-15 03:10:04,1460082646101282819,Artstarjade4
19,"RT @iamAMF: I tried calling the host but of course I got no answer, I left messages through the @Airbnb app but at 3am she probably wasn't‚Ä¶",2021-11-15 03:01:04,1460080381928034306,IvanKingz
20,RT @akbarth3great: #airbnb #python #sydney #machinelearning Sydney AirBnB Homes Analysis https://t.co/tcGzSNBovZ,2021-11-15 02:56:13,1460079158583861248,DjangoBot_
21,"I tried calling the host but of course I got no answer, I left messages through the @Airbnb app but at 3am she probably wasn't awake. So I contacted #Airbnb support directly. I told them what was going on and shared a bunch of pictures with them. https://t.co/pMjbxYabNI",2021-11-15 02:55:01,1460078856870662147,iamAMF
22,"So here's the story. I booked an #Airbnb for Las Vegas Halloween weekend based on the fact that it was close to the strip and the reviews were generally positive. However, what I did not know until we were good and settled into the place that it was infested with roaches. ü™≥ü™≥ü™≥ https://t.co/Bc7PqKNYC4 https://t.co/luMFW6hA8X",2021-11-15 02:54:56,1460078839367757824,iamAMF
23,"It‚Äôs beginning to look a lot like Christmas at The W! üéÑ‚õÑÔ∏èüéÖüèº
‚Ä¢‚Ä¢‚Ä¢
#TheW #TheWonBroadway #Paducah #PaducahKentucky #HistoricPaducah #PaducahLiving #PaducahApartments #PaducahEvents #PaducahAirbnb #Airbnb https://t.co/hqIdqJtjit",2021-11-15 02:39:28,1460074944855953408,thewonbroadway
24,RT @akbarth3great: #airbnb #python #sydney #machinelearning Sydney AirBnB Homes Analysis https://t.co/Hrj9MjphCw,2021-11-15 02:25:59,1460071553937420289,DjangoBot_
25,"Cafe ice Residences-Silom/CentralBKhttps://www.airbnb.jp/rooms/696411 https://t.co/uiosfCt7kw„Äçia„Çùwitter Web Client
t\ #airbnb",2021-11-15 02:24:17,1460071124814151680,airbnb_osaka100
26,Threat to agents as #Airbnb takes bigger share of long-term renters https://t.co/JOPc7JsyMR,2021-11-15 02:11:52,1460068000539807745,PropertyJourn
27,"7 Things you Should not Cheap Out in your AirBnB:
5.- Kitchens sell the houses! Like if you agree

#entrepreneurlife #investment #investing #usa #finance #money #business #investor #makemoney #financialfreedom #airbnb https://t.co/idQswN7UNJ",2021-11-15 02:08:48,1460067226715840515,TheFearlessInv
28,"Airbnb old landlord, cryptocurrency novice can communicate with each other.
#Airbnb #shibainu #SHIB #coinbase #coinbasewallet #ETH #Ethereum",2021-11-15 02:07:21,1460066863044431876,CoinbaseAmy
29,RT @XRPIslandghost: @NataliePropy @NataliePropy  I think it‚Äôs brilliant. I am putting together a presentation now.  #HiltonheadIsland #real‚Ä¶,2021-11-15 01:14:10,1460053480559849477,XRPIslandghost
30,@NataliePropy @NataliePropy  I think it‚Äôs brilliant. I am putting together a presentation now.  #HiltonheadIsland #realtors have fantastic #passiveincome #investmentproperty. #Airbnb #propyportal was a little busy last week.ü•∞ #demoüíÉüëç @thebearablebull @jordannharryy chat soon üèùüôèüé∂üõ•üíÉü•∞,2021-11-15 01:12:56,1460053170151989259,XRPIslandghost
31,RT @LacrosseMom23: #horselover #equestrianrehabcenter #equestrian  #horses #jumpers #investing #investor #investmentproperty #Airbnb #Glamp‚Ä¶,2021-11-15 01:07:45,1460051864410537993,GlamperGear
32,"1636937181 Beautiful, Spaciously Comfortable and an Exceptional Value! Stay Here https://t.co/n3CjTfhiXU for a Positively Exceptional Utah Vacation to Experience Life Elevated #vrbo #Airbnb #Tripadvisor https://t.co/RVIpo4G0jm",2021-11-15 00:46:01,1460046394887188480,AnnieMousee
33,"1636936838 Exceptional Value, Beautiful, and Spaciously Comfortable! Stay Here https://t.co/jdXfsnqH2C for an Exceptional Utah Vacation to Experience Life Elevated #vrbo #Airbnb #Tripadvisor https://t.co/h6fwip8dYE",2021-11-15 00:40:18,1460044956391858180,TaylorSlowe
34,".Airbnb is letting us get scammed by someone because they make money either way.
#AirbnbProfitsFromScams
#Airbnb",2021-11-15 00:35:34,1460043765880664077,mrkdds
35,"Nobody wants to see people posing in the AirBnB photos. It‚Äôs covid times. We want to see no people, clean surfaces. #ApreCovid #AirBnB @Airbnb",2021-11-15 00:34:55,1460043603137470464,VivienTweetss
36,"At Becca‚Äôs Bungalow - we have off street parking. Self-regulated heat and cozy, warm comforters.

Sleep on our comfortable mattresses.
Brew coffee in our functional kitchen.

We welcome the winter - and we welcome you.

#Airbnb https://t.co/TW7IYqOmB2",2021-11-15 00:28:02,1460041869874892801,BeccasBungalow
37,Welcome to the World of Experiences | Features | Airbnb #ExperienceClient #AirBnB https://t.co/sucLxGvvcV,2021-11-15 00:27:25,1460041714442330114,peterkeates
38,"The world's largest accomodation provider, owns no real estate #Airbnb
The world's most popular media owner content don't own any content #Facebook 
The world's largest taxi company owns no cars #uber 
The world's biggest bank bank with no actual cash #Bitcoin

Something is going",2021-11-15 00:26:11,1460041405439483905,Vamsi_venkats
39,RT @akbarth3great: #airbnb #python #sydney #machinelearning Sydney AirBnB Homes Analysis https://t.co/tcGzSNBovZ,2021-11-15 00:17:03,1460039105517998083,getMazak
40,RT @akbarth3great: #airbnb #python #sydney #machinelearning Sydney AirBnB Homes Analysis https://t.co/tcGzSNBovZ,2021-11-15 00:17:03,1460039104884723712,agent_guzman
41,RT @akbarth3great: #airbnb #python #sydney #machinelearning Sydney AirBnB Homes Analysis https://t.co/tcGzSNBovZ,2021-11-15 00:15:05,1460038608723734533,ZTSecure
42,RT @akbarth3great: #airbnb #python #sydney #machinelearning Sydney AirBnB Homes Analysis https://t.co/tcGzSNBovZ,2021-11-15 00:14:55,1460038568357908481,BrainRoaring
43,#airbnb #python #sydney #machinelearning Sydney AirBnB Homes Analysis https://t.co/tcGzSNBovZ,2021-11-15 00:14:04,1460038353127018496,akbarth3great
44,RT @akbarth3great: #airbnb #python #sydney #machinelearning Sydney AirBnB Homes Analysis https://t.co/Hrj9MjphCw,2021-11-15 00:12:32,1460037969167872007,getMazak
45,RT @akbarth3great: #airbnb #python #sydney #machinelearning Sydney AirBnB Homes Analysis https://t.co/Hrj9MjphCw,2021-11-15 00:10:03,1460037344019451906,agent_guzman
46,RT @akbarth3great: #airbnb #python #sydney #machinelearning Sydney AirBnB Homes Analysis https://t.co/Hrj9MjphCw,2021-11-15 00:10:03,1460037341699923968,ZTSecure
47,#airbnb #python #sydney #machinelearning Sydney AirBnB Homes Analysis https://t.co/Hrj9MjphCw,2021-11-15 00:09:33,1460037216122462213,akbarth3great
48,"RT @60SecInvestor: ICYMI - Is ABNB Subject to the ‚ÄúUBER Disease‚Äù?

#airbnb #uber #homerental #vacationrental #marketplace #rentalmarket #60‚Ä¶",2021-11-14 23:58:58,1460034552710193163,kaithylienfx
49,"RT @60SecInvestor: ICYMI - Is ABNB Subject to the ‚ÄúUBER Disease‚Äù?

https://t.co/fbX9ex96sx

#airbnb #vrbo #expedia #vacation #vacationrenta‚Ä¶",2021-11-14 23:58:40,1460034477892251652,kaithylienfx
50,"RT @60SecInvestor: ""Competition is really becoming a problem for AirBNB.""
- Boris Schlossberg

https://t.co/E9R0Bu6R9F

#airbnb #vrbo #expe‚Ä¶",2021-11-14 23:58:26,1460034419817955330,kaithylienfx
51,RT @LacrosseMom23: #horselover #equestrianrehabcenter #equestrian  #horses #jumpers #investing #investor #investmentproperty #Airbnb #Glamp‚Ä¶,2021-11-14 23:33:52,1460028237736730626,greg207
52,RT @TheTyTierra: I stopped dancing a while ago because I wanted to become the FACE of my own BUSINESS! üíØüè¶ God had a different path for me a‚Ä¶,2021-11-14 23:13:39,1460023151794872324,MakaylaJxhxsxn
53,"‚úçÔ∏è‚úçÔ∏è‚úçÔ∏è keep Air BnB door open to pet dogs. 

If you've booked an Air BnB this summer, read the reviews and staff safe friends! 

#AirBnB #DogMemes https://t.co/qqPwGxI94u",2021-11-14 23:00:23,1460019809643601920,InNewyTonight
54,"The Motley Fool:  #Airbnb Sees Remote Work #Trend Boosting Growth.

https://t.co/fHT5pwUFOx

#RealEstate #STR  #rentalproperties #rentals
via @GoogleNews #landlords",2021-11-14 22:57:26,1460019069227261958,jongardella
55,"Aloe is probably one of the most, if not THE most left behind item from guests. Use sunscreen and avoid sun between 10AM-2PM - saves you money and the burn! ü•µ #protectyourskin #sunburn #sunsafe #beach #safety #safetyfirst #kauai #host #airbnb #yourhostj https://t.co/mM2d3hCcB7",2021-11-14 22:55:42,1460018634038775811,YourHostJ
56,I waited to see if @Airbnb was going to post my review about a place having roaches and clearly they're not going to so I guess I'm just going to have to post all the pictures and conversation proof so no one else has to go through what I did......#airbnb #airbnbreview https://t.co/4zNES592RR,2021-11-14 22:42:12,1460015234291142659,iamAMF
57,"RT @BarnardCCottage: To win a 2 night stay for 4 people in one of our 5* properties Follow, share and tag a friend. Winner announced 20th D‚Ä¶",2021-11-14 22:38:33,1460014317810683915,AndrewR33212067
58,RT @LenaShishkina9: @AirbnbHelp 2 days of promises to be contacted - no one has contacted me yet. Is this how you care about your loyal cus‚Ä¶,2021-11-14 22:38:24,1460014280875864064,Earl_GreyT
59,Horror fans can soon Airbnb the Scream house‚Äîcomplete with Jiffy Pop and serial killer phone call https://t.co/ToK57lZ9LU #scream #airbnb #jiffypop https://t.co/5YSn3xA4z7,2021-11-14 22:33:05,1460012941428740096,Enterta23018559
60,"RT @BarnardCCottage: To win a 2 night stay for 4 people in one of our 5* properties Follow, share and tag a friend. Winner announced 20th D‚Ä¶",2021-11-14 22:32:48,1460012870188556293,JackLantern1984
61,"RT @BarnardCCottage: To win a 2 night stay for 4 people in one of our 5* properties Follow, share and tag a friend. Winner announced 20th D‚Ä¶",2021-11-14 22:26:53,1460011380464095234,LFCYNWA68
62,"RT @BarnardCCottage: To win a 2 night stay for 4 people in one of our 5* properties Follow, share and tag a friend. Winner announced 20th D‚Ä¶",2021-11-14 22:26:47,1460011355289882625,JustineAgnew
63,"Airbnb moves higher to 206.64 in the last 23 days.

More details here | https://t.co/jQ6jaQ55Ir

#Airbnb #skilling https://t.co/uqo0HCLwVq",2021-11-14 22:16:37,1460008798731575303,SkillingTrading
64,"1636927739 Beautiful, Spaciously Comfortable and an Exceptional Value! Stay Here https://t.co/n3CjTfhiXU for a Positively Exceptional Utah Vacation to Experience Life Elevated #vrbo #Airbnb #Tripadvisor https://t.co/7gOgRXNwpN",2021-11-14 22:08:39,1460006790356250626,AnnieMousee
65,"RT @karensgonewild_: Black man leases a house only to have a couple Karens break in and start questioning him ü§°ü§°ü§¶‚Äç‚ôÄÔ∏è

#Airbnb #old #karensg‚Ä¶",2021-11-14 22:05:14,1460005934105698307,JesseAlling1
66,"RT @lizhang95: @AirbnbHelp  I booked a place for Canmore, Canada. The booking was confirmed, and I paid my initial payment of $176. But the‚Ä¶",2021-11-14 22:03:34,1460005514658648073,ShieldVoC
67,RT @GiuliaAnna25: @AirbnbHelp They already rejected it and we‚Äôre no help!! #airbnb is only on the side of their landlords! #crooks,2021-11-14 22:03:23,1460005466411782144,Earl_GreyT
68,"RT @GiuliaAnna25: This is what you get with an @Airbnb in Chicago.1st FAKE PICTURES OF WHAT WE WERE GETTING, but I‚Äôll post the REAL PICTURE‚Ä¶",2021-11-14 22:02:56,1460005353186541568,Earl_GreyT
69,"RT @GiuliaAnna25: Ok I sent the contact info, now let‚Äôs see if @AirbnbHelp Really does anything!?!? #Airbnb #airbnbhelp",2021-11-14 22:02:37,1460005274119700482,Earl_GreyT
70,"1636927371 Exceptional Value, Beautiful, and Spaciously Comfortable! Stay Here https://t.co/jdXfsnqH2C for an Exceptional Utah Vacation to Experience Life Elevated #vrbo #Airbnb #Tripadvisor https://t.co/j3yvxs7LcW",2021-11-14 22:02:31,1460005246701289483,TaylorSlowe
71,"A Little Slice of #Kent at the Apple Tree Corner, #Canterbury 

https://t.co/UIyTxuxZN0

#travel #lookatourworld #travelbloging #travelbloggers #AirBnB #AppleTreeCorner https://t.co/vSBnQXaKNw",2021-11-14 21:54:16,1460003173712773120,NomadicBrits
72,"A BRAND NEW FREE BITCOIN (BTC) TAP SITE MORE FRESH REWARDS EARNINGS VERY HIGH! DON'T MISS
SITE: https://t.co/VUvDXQ6ONT

#btcst
#btc
#airdrop
#airdrops
#Faucet
#AirdropCrypto
#airdropalert
#Airdropinspector
#Airbnb
#AirdropSolana
#airdropstario
https://t.co/6B3UmT69l9",2021-11-14 21:27:41,1459996481537064960,DiscoveryOfNat1
73,"Would be grammatically cool if #DnD did some kind of promotion with #airbnb 
@dunkindonuts @Airbnb",2021-11-14 21:20:20,1459994634529263624,real_diculous
74,"RT @BarnardCCottage: To win a 2 night stay for 4 people in one of our 5* properties Follow, share and tag a friend. Winner announced 20th D‚Ä¶",2021-11-14 21:19:08,1459994331654213637,wannawincompo
75,"@AirbnbHelp  I booked a place for Canmore, Canada. The booking was confirmed, and I paid my initial payment of $176. But the 5 days later, the host wanted to increase the price from $880 to $1660. This is not the way to do business once the booking was confirmed! #Airbnb",2021-11-14 21:08:47,1459991727327039491,lizhang95
76,"RT @teamadmp: Pleaze .... You could Become a #AirBNB Host, around here too !! #ADMP #AirBNB #Tech #DomoKI :==&gt;  https://t.co/srJYoSTlEO",2021-11-14 21:06:25,1459991131534594048,teamadmp
77,"RT @CobbosBH: It's always 5 'o clock at the beach! Pull up a stool at the bar and toast to happy hour.  ü•Ç

#vacationtime #airbnb #holidaytr‚Ä¶",2021-11-14 21:06:16,1459991092300976131,CobbosBH
78,"RT @BarnardCCottage: To win a 2 night stay for 4 people in one of our 5* properties Follow, share and tag a friend. Winner announced 20th D‚Ä¶",2021-11-14 21:02:25,1459990122624126980,Kandykitten2
79,RT @NanuqeInfo: To any #Entrepreneur that is struggling and doubting yourself I advise you to go and watch a video on the founding of #Airb‚Ä¶,2021-11-14 20:56:24,1459988608782372865,uCloudify
80,"To any #Entrepreneur that is struggling and doubting yourself I advise you to go and watch a video on the founding of #Airbnb 

They struggled for years to be taken seriously.

One Angel Investor even just walked out on them in the middle of their pitch.",2021-11-14 20:56:18,1459988586015637507,NanuqeInfo
81,"His &amp; Hers sinks and a soaking tub for a relaxing retreat.

#vacationrental #luxurytravel #airbnb #Avila https://t.co/oTRfSSsNdu",2021-11-14 20:46:12,1459986041209716740,CobbosBH
82,RT @IamRoodnie: Good Vibes Celebration w/ Private Entrance #wpbairbnb #airbnb #wpbsuperhost #bnb #wpbbnb #getaway #westpalmbeach #westpalma‚Ä¶,2021-11-14 20:04:54,1459975647959396355,IamRoodnie
83,Lake life is the life for me #lakestcatherine #vermont #vt #vermonttourism #airbnb #converse #alumacraft #fishingfamily #fishinglife #troutfishing #bassfishing #september #summersend #lakelife #freshwaterfishing #freshwater #lakeliving https://t.co/GdTvnmSIFv,2021-11-14 20:01:41,1459974839687602184,OutdoorsAlexa
84,Check out this home on #Airbnb! https://t.co/ruQy5IiFYH #AirbnbSuperHost #AirBNBLosAngeles #AirBnbWLA #AirBnbLA,2021-11-14 19:59:58,1459974408894779393,KathyBrownKathy
85,"RT @Hermanncap1: My favorite investments to hold long term right now are: 

1-#ethereum 
2-#cardano 
3-#polkadot 
4-#Tesla 
5-#Airbnb",2021-11-14 19:52:02,1459972409960841222,Hermanncap1
86,"My favorite investments to hold long term right now are: 

1-#ethereum 
2-#cardano 
3-#polkadot 
4-#Tesla 
5-#Airbnb",2021-11-14 19:51:56,1459972386426654722,Hermanncap1
87,"Must be nice. How many people have the luxury to ""go anywhere, anytime?"" #Airbnb https://t.co/HUvqTp72Xk",2021-11-14 19:50:19,1459971980250157058,LiveOnTheChat
88,"I stopped dancing a while ago because I wanted to become the FACE of my own BUSINESS! üíØüè¶ God had a different path for me and I finally realized and accepted it ü§ù I WILL BE CEO of my own CORPORATION one day , in Jesus name , Amen üôèüèΩ #airbnb #airbnbhost #airbnbbusiness https://t.co/7s8Aej0bIL",2021-11-14 19:32:41,1459967543729287168,TheTyTierra
89,"1636918277 Beautiful, Spaciously Comfortable and an Exceptional Value! Stay Here https://t.co/n3CjTfhiXU for a Positively Exceptional Utah Vacation to Experience Life Elevated #vrbo #Airbnb #Tripadvisor https://t.co/ttYTqaH36P",2021-11-14 19:30:57,1459967105869258757,AnnieMousee
90,"1636918137 Exceptional Value, Beautiful, and Spaciously Comfortable! Stay Here https://t.co/jdXfsnqH2C for an Exceptional Utah Vacation to Experience Life Elevated #vrbo #Airbnb #Tripadvisor https://t.co/4CDIyBsrzr",2021-11-14 19:28:37,1459966519396507656,TaylorSlowe
91,"RT @GiuliaAnna25: This is what you get with an @Airbnb in Chicago.1st FAKE PICTURES OF WHAT WE WERE GETTING, but I‚Äôll post the REAL PICTURE‚Ä¶",2021-11-14 19:23:06,1459965131425779719,GiuliaAnna25
92,"Palestinians are not human in the way we are human. Don't try and apply the same logic to them.""
We sat in silence together, our eyes still full of tears, for several minutes.'
I might add that #BDS boycotts #AirBnb in Israel, West Bank and the illegal settlements.",2021-11-14 19:22:36,1459965005634453523,Shenaz10
93,"Ok I sent the contact info, now let‚Äôs see if @AirbnbHelp Really does anything!?!? #Airbnb #airbnbhelp",2021-11-14 19:18:58,1459964090152103948,GiuliaAnna25
94,Hotels started doing extended stay stay when #AirBNB knock on the door. üëÄ,2021-11-14 19:05:27,1459960688609267717,Mr_A1Hunt
95,"RT @BarnardCCottage: Giveaway day is here! 

To win a 2 night stay for 4 people in one of our 5* properties Follow, share and tag a friend.‚Ä¶",2021-11-14 19:04:59,1459960569277071369,Catheri79761971
96,"If 53% of the world RENTS‚Ä¶ 

Then i may not get a house house! 

If we going decentralized and im getting rewarded from service of something i rent then now i have placed myself in the middle man shoes. Or should i say a SEAT AT THE TABLE. 

#AirBNB",2021-11-14 19:04:48,1459960522753855489,Mr_A1Hunt
97,"RT @BarnardCCottage: To win a 2 night stay for 4 people in one of our 5* properties Follow, share and tag a friend. Winner announced 20th D‚Ä¶",2021-11-14 19:04:38,1459960482345926668,Catheri79761971
98,RT @BarnardCCottage: Raby Castle Saturday 27th November #wreathmaking #workshop #airbnb #barnardcastle #holidaysuk https://t.co/soMJhYt1qb,2021-11-14 19:03:52,1459960289634488329,pamelahodgson3
99,"Guest house of Japan Mid-Century Modern. 
https://t.co/1fBJg2vkNO
#japan #travel #backpacker #condominium #kanagawa #airbnb",2021-11-14 19:01:07,1459959596882489344,ilspetty
100,"üî∫The #Airbnb 2021 Winter Release has 50+ upgrades that make it easier to #host and support the changing needs of guests. 
Check them out: üëâ https://t.co/BnIRTJoo9C  https://t.co/pQp8Tx1Rwf https://t.co/4dyZ6AKPGu",2021-11-14 19:00:12,1459959368263389188,hostfully
101,Creating amazing Vacation experiences at our #airbnb STR‚Äôs! https://t.co/7z7rcovv5v,2021-11-14 18:52:10,1459957346101256192,ImMichaelNolen
102,Winter Olympics top sponsors ‚Äòsilent‚Äô over China‚Äôs human rights record https://t.co/WzZ1Gs5kDs #Beijing2022 #CocaCola #Airbnb #ProcterGamble #ProcterAndGamble #Intel #Visa #Xinjiang #Uyghurs #Uighurs,2021-11-14 18:34:45,1459952960343973891,iChinadian
103,"RT @BarnardCCottage: To win a 2 night stay for 4 people in one of our 5* properties Follow, share and tag a friend. Winner announced 20th D‚Ä¶",2021-11-14 18:34:40,1459952940597325841,muminchester
104,"A country with one house üèî  üè† üèîüèî 

Is this possible? 

üëâüèª https://t.co/WWTdmUMqM6
-

#Europe #Liectenstein #Germany #France #Italy #italia #Croatia #Switzerland #Cyprus #Norway #Algeria #airbnb #Azerbaijan #Spain #Turkey #Norway #Africa #Alberta #Denmark #Alhambra #Canada",2021-11-14 18:24:58,1459950499155877895,CarbonCraftLtd
105,4MINS WALK from SHIBUYA/Designed2BRhttps://www.airbnb.jp/rooms/4175083?guests=2&amp;amp;s=mpZ6 https://t.co/M1Cmh5lk8Z„Äçia„Çùwitter We #airbnb,2021-11-14 18:24:01,1459950262618308608,airbnb_osaka100
106,"RT @teamadmp: Pleaze .... You could Become a #AirBNB Host, around here too !! #ADMP #AirBNB #Tech #DomoKI :==&gt;  https://t.co/srJYoSTlEO",2021-11-14 18:18:52,1459948964200042502,techie_wiz
107,"Pleaze .... You could Become a #AirBNB Host, around here too !! #ADMP #AirBNB #Tech #DomoKI :==&gt;  https://t.co/srJYoSTlEO",2021-11-14 18:15:07,1459948022205403136,teamadmp
108,"Book your 2021 staycation &amp; save with my Air BnB code! https://t.co/X0axkvFKg7  
  #airbnb #staycation #ukholiday #airbnbcode https://t.co/14SrnS6GHK",2021-11-14 18:04:04,1459945238605312001,motherhoodcombi
109,"Booked thru @Airbnb, which Ive done many times. This time, however a Real Estate Co. sent the contract. ü§î I called &amp; learned #Airbnb has not one (them), but TWO middlemen! I canceled Airbnb &amp; booked directly w/the Real Estate Co, &amp; saved $1000. Be aware using @Airbnb. Such BS..",2021-11-14 17:42:31,1459939818008465413,sivo6
110,RT @feldbergatelier: rug macro #boutiqueappartment #book #hygge #reading #airbnb #danish #danishdesign #nordic #nordicdesign #switzerland #‚Ä¶,2021-11-14 17:38:22,1459938771525382144,form_bot
111,Thank you airbnb for delivering us another BEYOND location... üôåfor GLAMPING!!¬† #lifesoleil #camping #glamping #airbnb¬†#lifesoleil¬†¬†#traveldestination #travelmemories #travelgift #travelguide #travelbag #travelbook #travelnow #travelaroundtheworld #athomeinworld https://t.co/5ufQwvdkLm,2021-11-14 17:35:01,1459937928256315397,Life_Soleil
112,"The V-Szameitat Homes Home cleaning detergent is here with us today. Make your order today as you plan to come and stay with us.
 #diani #holidayhome #bookingcom #airbnb https://t.co/KPkCuMji1I",2021-11-14 17:28:01,1459936169811185664,jviata
113,"RT @GiuliaAnna25: Whoever hasn‚Äôt tried @Airbnb , YOU HAVE BEEN WARNED!!! We rented condo in Chicago &amp; got a crappy one in the same building‚Ä¶",2021-11-14 17:13:23,1459932486838935555,GiuliaAnna25
114,"Check out our New Youtube Video: To Whom Do We Give Thanks?
As we head into a season of thankfulness, We wanted to acknowledge those to whom We are thankful ! ~
*
Enjoy this video poem as our gift to you.
WATCH HERE: https://t.co/Qtn6ZKb78G
#airbnb #retreat #blackart #tanzania",2021-11-14 17:04:40,1459930294069432320,hamer_house
115,"#Airbnb's Tour with a White House Writer #WashingtonDC!:

https://t.co/bPyz5JehA4 https://t.co/QM4r8Fdw6f",2021-11-14 17:03:12,1459929921753698313,EdwardMoser1
116,"@bchesky @Airbnb #Airbnb's Tour with a White House Writer #DC!:

https://t.co/bPyz5JehA4 https://t.co/5U6IUv0c34",2021-11-14 17:02:27,1459929734205394950,EdwardMoser1
117,How #Airbnb is helping fuel a homelessness crisis in #Cornwall (&amp; many other places). https://t.co/leFKkhSKbu,2021-11-14 16:57:50,1459928571863052292,patyale
118,"1636909067 Beautiful, Spaciously Comfortable and an Exceptional Value! Stay Here https://t.co/n3CjTfhiXU for a Positively Exceptional Utah Vacation to Experience Life Elevated #vrbo #Airbnb #Tripadvisor https://t.co/u0VuwwZFOc",2021-11-14 16:57:27,1459928475465306131,AnnieMousee
119,"1636908935 Exceptional Value, Beautiful, and Spaciously Comfortable! Stay Here https://t.co/jdXfsnqH2C for an Exceptional Utah Vacation to Experience Life Elevated #vrbo #Airbnb #Tripadvisor https://t.co/bPNI7RfwPY",2021-11-14 16:55:15,1459927920638664707,TaylorSlowe
120,What are some of the top Airbnb courses or real estate courses? #realestate #airbnb,2021-11-14 16:53:25,1459927459110035460,K__James
121,"New Youtube Video: To Whom Do We Give Thanks?
As we head into a season of thankfulness, I wanted to acknowledge those to whom I am thankful ! ~
*
Enjoy this video poem as my gift to you.
 
WATCH HERE:

https://t.co/8vNzsZDwdl

#airbnb #retreat #blackart #tanzania",2021-11-14 16:51:48,1459927055718666244,treasureredmond
122,RT @ensourcedpdx: The Importance of Finishing(s)¬†| Ensourced Blog #Airbnb #hosting #design https://t.co/UGrMfOT5cL https://t.co/YwIQnmqERt,2021-11-14 16:42:00,1459924588922560517,ensourcedpdx
123,"RT @cottage_green: Solid PVC Outdoor Signs by https://t.co/mxWEx0l0jL 3/4"" thick
Business
Poolside
Vacation Rental Signs
Gifts!
#Pool #reti‚Ä¶",2021-11-14 16:40:35,1459924230787764234,products_hot
124,"RT @BarnardCCottage: To win a 2 night stay for 4 people in one of our 5* properties Follow, share and tag a friend. Winner announced 20th D‚Ä¶",2021-11-14 16:30:14,1459921626804457482,silmarilion28
125,RT @MarcPuigtio: Sssshhhh ü§´ relax üòç #AirBnb #Empuriabrava https://t.co/67BBMn6b5M,2021-11-14 16:23:30,1459919931903025158,Saltencaverdneg
126,rug macro #boutiqueappartment #book #hygge #reading #airbnb #danish #danishdesign #nordic #nordicdesign #switzerland #design #scandiswiss #kleinbasel #matth√§us #travel #vacation #homeaway #holiday #staycation #interiordesign #minimalism #urbanliving https://t.co/5bk5JYqc3a,2021-11-14 16:01:15,1459914332020555777,feldbergatelier
127,"RT @SunsetCreativeP: New for #vacationrental owners: our Welcome Guest Book!

Your guests will enjoy logging the memories of their stay!

A‚Ä¶",2021-11-14 15:59:36,1459913917275148293,SCubeDesign1
128,RT @cottage_green: Vacation Rental House Sign by https://t.co/mxWEx0l0jL #KillDevilHills #Vrbo #airbnb #CustomSign #PVCsignage #BeachRental‚Ä¶,2021-11-14 15:55:38,1459912919664283652,SellableStuff
129,"RT @cottage_green: Solid PVC Outdoor Signs by https://t.co/mxWEx0l0jL 3/4"" thick
Business
Poolside
Vacation Rental Signs
Gifts!
#Pool #reti‚Ä¶",2021-11-14 15:55:28,1459912875645063170,SellableStuff
130,"RT @BarnardCCottage: To win a 2 night stay for 4 people in one of our 5* properties Follow, share and tag a friend. Winner announced 20th D‚Ä¶",2021-11-14 15:51:12,1459911804621107205,DanielleBartonB
131,"RT @BarnardCCottage: To win a 2 night stay for 4 people in one of our 5* properties Follow, share and tag a friend. Winner announced 20th D‚Ä¶",2021-11-14 15:33:36,1459907374291079168,kelcat82
132,"RT @BarnardCCottage: To win a 2 night stay for 4 people in one of our 5* properties Follow, share and tag a friend. Winner announced 20th D‚Ä¶",2021-11-14 15:10:33,1459901573073621000,MrsPat8
133,"RT @BarnardCCottage: To win a 2 night stay for 4 people in one of our 5* properties Follow, share and tag a friend. Winner announced 20th D‚Ä¶",2021-11-14 15:00:07,1459898949955956740,Judellie19
134,"RT @SunsetCreativeP: New for #vacationrental owners: our Welcome Guest Book!

Your guests will enjoy logging the memories of their stay!

A‚Ä¶",2021-11-14 14:57:22,1459898255215665157,JourneytoSelfJS
135,"RT @cottage_green: Solid PVC Outdoor Signs by https://t.co/mxWEx0l0jL 3/4"" thick
Business
Poolside
Vacation Rental Signs
Gifts!
#Pool #reti‚Ä¶",2021-11-14 14:45:11,1459895191876288522,ClarasJewelry
136,"RT @cottage_green: Solid PVC Outdoor Signs by https://t.co/mxWEx0l0jL 3/4"" thick
Business
Poolside
Vacation Rental Signs
Gifts!
#Pool #reti‚Ä¶",2021-11-14 14:39:26,1459893744824725508,quilts_more
137,RT @TRJForBloggers: Passive Income: How To Make #Money With #Airbnb https://t.co/IwMpql7vjK #airbnbhost #howto,2021-11-14 14:37:07,1459893160113582086,sincerelyessie
138,RT @TRJForBloggers: Passive Income: How To Make #Money With #Airbnb https://t.co/IwMpql7vjK #airbnbhost #howto,2021-11-14 14:37:01,1459893135149043713,creatorzRT
139,Passive Income: How To Make #Money With #Airbnb https://t.co/IwMpql7vjK #airbnbhost #howto,2021-11-14 14:35:54,1459892854701109253,TRJForBloggers
140,"1636899845 Beautiful, Spaciously Comfortable and an Exceptional Value! Stay Here https://t.co/n3CjTfhiXU for a Positively Exceptional Utah Vacation to Experience Life Elevated #vrbo #Airbnb #Tripadvisor https://t.co/6rurVstIkE",2021-11-14 14:23:45,1459889794826309636,AnnieMousee
141,"@AirbnbHelp 2 days of promises to be contacted - no one has contacted me yet. Is this how you care about your loyal customers? #airbnbfail #airbnbdisaster #airbnb #luxurylifestyle #Travel 
#safetravel",2021-11-14 14:22:48,1459889555256090629,LenaShishkina9
142,"1636899734 Exceptional Value, Beautiful, and Spaciously Comfortable! Stay Here https://t.co/jdXfsnqH2C for an Exceptional Utah Vacation to Experience Life Elevated #vrbo #Airbnb #Tripadvisor https://t.co/dxEgsFSQbB",2021-11-14 14:21:53,1459889327937368072,TaylorSlowe
143,"RT @BarnardCCottage: To win a 2 night stay for 4 people in one of our 5* properties Follow, share and tag a friend. Winner announced 20th D‚Ä¶",2021-11-14 14:15:19,1459887673141829633,RobertsO10
144,"RT @JochenWirtz: Platforms vs Pipelines. This case is in 9th edition of Services Marketing: People, Technology, Strategy. If you teach serv‚Ä¶",2021-11-14 14:06:46,1459885520998309888,drwissing
145,"RT @BarnardCCottage: To win a 2 night stay for 4 people in one of our 5* properties Follow, share and tag a friend. Winner announced 20th D‚Ä¶",2021-11-14 14:02:02,1459884329392390149,Claire_tweets_
146,"To win a 2 night stay for 4 people in one of our 5* properties Follow, share and tag a friend. Winner announced 20th December 2021. #liketoenter #giveaway #freebie #commenttoenter #sharetoenter #competition #tagfriends #airbnb #holidaylet #minibreak https://t.co/nyfeI6vAAl",2021-11-14 14:00:05,1459883841808650243,BarnardCCottage
147,"RT @CentreSleep: Beautiful bed with 10 inches thickness spring mattress call 0722516017 
 #Airbnb #bed #billydrive #IkoKazi #IkoKaziKE #Kea‚Ä¶",2021-11-14 13:57:56,1459883299346784263,CentreSleep
148,"RT @cottage_green: Solid PVC Outdoor Signs by https://t.co/mxWEx0l0jL 3/4"" thick
Business
Poolside
Vacation Rental Signs
Gifts!
#Pool #reti‚Ä¶",2021-11-14 13:51:27,1459881668496474115,DottieKingston
149,Thank you airbnb for delivering us another BEYOND location... üôåfor GLAMPING!!¬† #lifesoleil #camping #glamping #airbnb https://t.co/NjvcyvP3p6,2021-11-14 13:49:01,1459881054337220610,Life_Soleil
150,Sssshhhh ü§´ relax üòç #AirBnb #Empuriabrava https://t.co/67BBMn6b5M,2021-11-14 13:21:25,1459874110272675842,MarcPuigtio
151,"RT @BarnardCCottage: Giveaway day is here! 

To win a 2 night stay for 4 people in one of our 5* properties Follow, share and tag a friend.‚Ä¶",2021-11-14 13:08:21,1459870822546432006,angiejackson819
152,"RT @BarnardCCottage: Giveaway day is here! 

To win a 2 night stay for 4 people in one of our 5* properties Follow, share and tag a friend.‚Ä¶",2021-11-14 13:07:39,1459870646909947906,susanhoggett
153,"RT @BarnardCCottage: Giveaway day is here! 

To win a 2 night stay for 4 people in one of our 5* properties Follow, share and tag a friend.‚Ä¶",2021-11-14 12:50:38,1459866364575948803,philipg1965
154,"RT @cottage_green: Solid PVC Outdoor Signs by https://t.co/mxWEx0l0jL 3/4"" thick
Business
Poolside
Vacation Rental Signs
Gifts!
#Pool #reti‚Ä¶",2021-11-14 12:43:26,1459864549520076805,paulaannev
155,"Platforms vs Pipelines. This case is in 9th edition of Services Marketing: People, Technology, Strategy. If you teach service topics &amp; would like a desk review copy, email me at jochen@nus.edu.sg. https://t.co/PbdRxIwAvP
.
.
.
#platform #SharingEconomy #AI #Airbnb #Marriott https://t.co/gKOID5fOqO",2021-11-14 12:41:13,1459863993594511360,JochenWirtz
156,Ski resorts near my #airbnb https://t.co/g8JWzQK3Sv BOOK TODAY: https://t.co/qWZTxIHA8c #ski #vt,2021-11-14 12:20:41,1459858825687752706,VermontSongbird
157,"1636890656 Beautiful, Spaciously Comfortable and an Exceptional Value! Stay Here https://t.co/n3CjTfhiXU for a Positively Exceptional Utah Vacation to Experience Life Elevated #vrbo #Airbnb #Tripadvisor https://t.co/uNW5JiNR2A",2021-11-14 11:50:35,1459851251567534087,AnnieMousee
158,"1636890544 Exceptional Value, Beautiful, and Spaciously Comfortable! Stay Here https://t.co/jdXfsnqH2C for an Exceptional Utah Vacation to Experience Life Elevated #vrbo #Airbnb #Tripadvisor https://t.co/4CY3pEZqPA",2021-11-14 11:48:44,1459850784032628736,TaylorSlowe
159,"Great to be Business of The Week, Thanks for the super promo guys üòä #Airbnb #strandhill #choosesligo https://t.co/9BSAdve1B9",2021-11-14 11:46:38,1459850257911762948,StrandBeachApts
160,New #airbnb user? Get a 25‚Ç¨ #travel credit by signing up with this link: https://t.co/ahpw6ZfwsL #money #traveltips,2021-11-14 11:30:31,1459846198559444993,ThomasBusson2
161,"RT @SunsetCreativeP: New for #vacationrental owners: our Welcome Guest Book!

Your guests will enjoy logging the memories of their stay!

A‚Ä¶",2021-11-14 11:12:35,1459841685991604233,pastelskulld
162,"RT @BarnardCCottage: Giveaway day is here! 

To win a 2 night stay for 4 people in one of our 5* properties Follow, share and tag a friend.‚Ä¶",2021-11-14 11:10:03,1459841048054796291,RobertsO10
163,"Hey! This awesome 2 bedroom apartment in #DubaiMarina can be your home, check it out on @Airbnb 

https://t.co/YZ5mxUiZax 

#ALHVacationHomes #Dubai #VisitDubai
#VacationHomes #HolidayHomes 
#Airbnb",2021-11-14 11:05:50,1459839990641344518,ALHVacay
164,"RT @BarnardCCottage: Giveaway day is here! 

To win a 2 night stay for 4 people in one of our 5* properties Follow, share and tag a friend.‚Ä¶",2021-11-14 11:04:30,1459839654342111232,RobertsO10
165,"RT @cottage_green: Solid PVC Outdoor Signs by https://t.co/mxWEx0l0jL 3/4"" thick
Business
Poolside
Vacation Rental Signs
Gifts!
#Pool #reti‚Ä¶",2021-11-14 11:03:25,1459839381309509633,topfishingpics1
166,"While climbing to the top of Lokrum Island, I saw this. It looked like a postcard. #digitalnomad #digitalnomadlife #travel #europe #croatia #dubrovnik #airbnb https://t.co/bBHZssmfMy",2021-11-14 11:01:20,1459838855784419329,theofficialira
167,Remotelock has over 50 integrations to help give your guests the most seamless experience. It makes your life easier too. Live integrations include #Airbnb and¬†@GuestTalksms¬†https://t.co/Dp6B4IxxZH https://t.co/sY6UkEevWi,2021-11-14 10:46:21,1459835084295467010,SmartLockEurope
168,RT @BarnardCCottage: Raby Castle Saturday 27th November #wreathmaking #workshop #airbnb #barnardcastle #holidaysuk https://t.co/soMJhYt1qb,2021-11-14 10:13:23,1459826791217045506,paulagnew18
169,"RT @BarnardCCottage: Giveaway day is here! 

To win a 2 night stay for 4 people in one of our 5* properties Follow, share and tag a friend.‚Ä¶",2021-11-14 10:07:15,1459825244877770755,JustineAgnew
170,Time now for a fascinating conversation between @pierrebourque &amp; @LarsNFT as they talk about Lars new #VacayShares project that combines the best of #AirBnB #timeshares &amp; #NFTs ... let's listen in now @blockchainRDO --&gt;&gt; https://t.co/IKjw5YBeMN - LarsNFT,2021-11-14 10:06:00,1459824930250539013,BlockchainRDO
171,"RT @BarnardCCottage: Giveaway day is here! 

To win a 2 night stay for 4 people in one of our 5* properties Follow, share and tag a friend.‚Ä¶",2021-11-14 10:04:43,1459824609839169538,kazhappydixon
172,Raby Castle Saturday 27th November #wreathmaking #workshop #airbnb #barnardcastle #holidaysuk https://t.co/soMJhYt1qb,2021-11-14 10:00:13,1459823476123000833,BarnardCCottage
173,"RT @cottage_green: Solid PVC Outdoor Signs by https://t.co/mxWEx0l0jL 3/4"" thick
Business
Poolside
Vacation Rental Signs
Gifts!
#Pool #reti‚Ä¶",2021-11-14 09:57:48,1459822865843372039,cottage_green
174,RT @cottage_green: Vacation Rental House Sign by https://t.co/mxWEx0l0jL #KillDevilHills #Vrbo #airbnb #CustomSign #PVCsignage #BeachRental‚Ä¶,2021-11-14 09:57:40,1459822834864336897,cottage_green
175,"RT @BarnardCCottage: Giveaway day is here! 

To win a 2 night stay for 4 people in one of our 5* properties Follow, share and tag a friend.‚Ä¶",2021-11-14 09:43:25,1459819246083530755,SusanTrubey
176,"RT @gvslondon: You can now actually stay in Carrie Bradshaw‚Äôs Apartment! üòé As the launch of reboot And Just Like That draws ever closer, #A‚Ä¶",2021-11-14 09:37:31,1459817764621852680,villa_vinita
177,"RT @gvslondon: You can now actually stay in Carrie Bradshaw‚Äôs Apartment! üòé As the launch of reboot And Just Like That draws ever closer, #A‚Ä¶",2021-11-14 09:37:22,1459817723970699267,meteorfireball
178,"RT @gvslondon: You can now actually stay in Carrie Bradshaw‚Äôs Apartment! üòé As the launch of reboot And Just Like That draws ever closer, #A‚Ä¶",2021-11-14 09:36:52,1459817598502248453,GrigioLondon
179,"RT @gvslondon: You can now actually stay in Carrie Bradshaw‚Äôs Apartment! üòé As the launch of reboot And Just Like That draws ever closer, #A‚Ä¶",2021-11-14 09:36:36,1459817531666051072,Amazuna_UK
180,"RT @gvslondon: You can now actually stay in Carrie Bradshaw‚Äôs Apartment! üòé As the launch of reboot And Just Like That draws ever closer, #A‚Ä¶",2021-11-14 09:36:27,1459817493032312835,OrganisedByUs
181,"RT @gvslondon: You can now actually stay in Carrie Bradshaw‚Äôs Apartment! üòé As the launch of reboot And Just Like That draws ever closer, #A‚Ä¶",2021-11-14 09:36:16,1459817450556600324,BH4HB
182,"You can now actually stay in Carrie Bradshaw‚Äôs Apartment! üòé As the launch of reboot And Just Like That draws ever closer, #Airbnb has recreated Carrie‚Äôs inexplicably spacious #Manhattan apartment ‚Äì right down to the walk-in https://t.co/1gUHV37RDE #CarrieBradshaw #sexandthecity https://t.co/8xsX1JsDDm",2021-11-14 09:35:59,1459817378968182787,gvslondon
183,"1636881466 Beautiful, Spaciously Comfortable and an Exceptional Value! Stay Here https://t.co/n3CjTfhiXU for a Positively Exceptional Utah Vacation to Experience Life Elevated #vrbo #Airbnb #Tripadvisor https://t.co/QKQ2nMpnI6",2021-11-14 09:17:26,1459812709462122501,AnnieMousee
184,"1636881347 Exceptional Value, Beautiful, and Spaciously Comfortable! Stay Here https://t.co/jdXfsnqH2C for an Exceptional Utah Vacation to Experience Life Elevated #vrbo #Airbnb #Tripadvisor https://t.co/Xu0mBiqh7g",2021-11-14 09:15:27,1459812207894708228,TaylorSlowe
185,"RT @BarnardCCottage: Giveaway day is here! 

To win a 2 night stay for 4 people in one of our 5* properties Follow, share and tag a friend.‚Ä¶",2021-11-14 09:14:04,1459811860304338947,JackLantern1984
186,"RT @CentreSleep: Beautiful bed with 10 inches thickness spring mattress call 0722516017 
 #Airbnb #bed #billydrive #IkoKazi #IkoKaziKE #Kea‚Ä¶",2021-11-14 09:09:59,1459810833584869376,GrevyAdventures
187,"RT @BarnardCCottage: Giveaway day is here! 

To win a 2 night stay for 4 people in one of our 5* properties Follow, share and tag a friend.‚Ä¶",2021-11-14 08:54:16,1459806878142246917,Denise0160
188,"RT @BarnardCCottage: Giveaway day is here! 

To win a 2 night stay for 4 people in one of our 5* properties Follow, share and tag a friend.‚Ä¶",2021-11-14 08:37:26,1459802642226589699,highspiritsharr
189,"RT @BarnardCCottage: Giveaway day is here! 

To win a 2 night stay for 4 people in one of our 5* properties Follow, share and tag a friend.‚Ä¶",2021-11-14 08:35:59,1459802278580441090,LFCYNWA68
190,"RT @BarnardCCottage: Giveaway day is here! 

To win a 2 night stay for 4 people in one of our 5* properties Follow, share and tag a friend.‚Ä¶",2021-11-14 08:31:26,1459801134139424770,greengablecat
191,"RT @BarnardCCottage: Giveaway day is here! 

To win a 2 night stay for 4 people in one of our 5* properties Follow, share and tag a friend.‚Ä¶",2021-11-14 08:31:03,1459801035464138752,ElaineXOXOX
192,"RT @PhotosCork: Arrived at our #WestCork #Airbnb

What about this for a bedroom view of @oileanchleire and roaring water bay #Cosy üî•

#Love‚Ä¶",2021-11-14 08:16:17,1459797319365320706,MrFriendlyHappy
193,@Airbnb So does this mean that your review policy accepts false information? This is how Airbnb and the Airbnb hosts harass the guests! I got scammed by a airbnb host and also got a false &amp; defaming review on the profile. #shameful #scammers #harassment #CustomerService #airbnb,2021-11-14 08:13:39,1459796656061227011,PratikY62060813
194,Good Vibes Celebration w/ Private Entrance #wpbairbnb #airbnb #wpbsuperhost #bnb #wpbbnb #getaway #westpalmbeach #westpalmairbnb #westpalmbeachairbnb #soflobnb #sofloairbnb #southfloridabnb #southfloridaairbnb #baecation #soflo #roomsinwpb #wpbstays #vacay https://t.co/3B6i4IIbgm,2021-11-14 07:50:42,1459790881410756610,IamRoodnie
195,Good Vibes Celebration w/ Private Entrance #wpbairbnb #airbnb #wpbsuperhost #bnb #wpbbnb #getaway #westpalmbeach #westpalmairbnb #westpalmbeachairbnb #soflobnb #sofloairbnb #southfloridabnb #southfloridaairbnb #baecation #soflo #roomsinwpb #wpbstays #vacay https://t.co/EtgU2L0ZI7,2021-11-14 07:43:12,1459788994036867074,IamRoodnie
196,"RT @BarnardCCottage: Giveaway day is here! 

To win a 2 night stay for 4 people in one of our 5* properties Follow, share and tag a friend.‚Ä¶",2021-11-14 07:43:10,1459788984733908995,GarethD07751154
197,"Looking for car rental for your holiday or business trip?

Compare car rental prices from the worlds biggest car rental companies.

Guaranteed best prices.

https://t.co/F6wSgG0znq

#carental #carhire #stanstead #Heathrow #Gatwick #airports #Airbnb #holidayvibes https://t.co/1sVNcvEoYB",2021-11-14 07:35:06,1459786956632698880,Comparison_Site
198,"RT @BarnardCCottage: Giveaway day is here! 

To win a 2 night stay for 4 people in one of our 5* properties Follow, share and tag a friend.‚Ä¶",2021-11-14 07:04:59,1459779378590756865,SuzanneGosney2
199,"It's brand new. It's fully furnished. It's vacant.
It's near @expo2020dubai Exhibition Centre!

Check out and book this home on @Airbnb  
https://t.co/WiO1sJCmZz

#Dubai #ALHVacationHomes #VacationHomes #HolidayHomes #VisitDubai #YourHomeInDubai 
#Airbnb #Expo2020 #Expo2020Dubai",2021-11-14 07:00:48,1459778323601575936,ALHVacay
