,url
0,https://www.quora.com/What-are-some-of-the-bad-experiences-from-Airbnb-guests-hosts
1,https://www.quora.com/Who-is-Airbnbs-biggest-competition
2,https://www.quora.com/How-safe-is-Airbnb
3,https://www.quora.com/Why-are-there-so-few-negative-reviews-on-Airbnb-Does-Airbnb-delete-them-I-havent-seen-any-after-viewing-a-lot-of-locations
4,https://www.quora.com/What-are-the-best-money-hacks-e-g-using-Airbnb-instead-of-a-hotel-cooking-instead-of-dining-out-etc
5,https://www.quora.com/How-much-revenue-is-Airbnb-making
6,https://www.quora.com/How-can-Airbnb-be-improved
7,https://www.quora.com/How-does-Airbnb-make-money
8,https://www.quora.com/How-much-does-it-cost-to-build-a-website-like-Airbnb
9,https://www.quora.com/Where-did-Airbnb-get-its-name-What-does-the-name-mean
